-- MySQL dump 10.13  Distrib 8.0.18, for Win64 (x86_64)
--
-- Host: 127.0.0.1    Database: mydb
-- ------------------------------------------------------
-- Server version	8.0.18

/*!40101 SET @OLD_CHARACTER_SET_CLIENT=@@CHARACTER_SET_CLIENT */;
/*!40101 SET @OLD_CHARACTER_SET_RESULTS=@@CHARACTER_SET_RESULTS */;
/*!40101 SET @OLD_COLLATION_CONNECTION=@@COLLATION_CONNECTION */;
/*!50503 SET NAMES utf8 */;
/*!40103 SET @OLD_TIME_ZONE=@@TIME_ZONE */;
/*!40103 SET TIME_ZONE='+00:00' */;
/*!40014 SET @OLD_UNIQUE_CHECKS=@@UNIQUE_CHECKS, UNIQUE_CHECKS=0 */;
/*!40014 SET @OLD_FOREIGN_KEY_CHECKS=@@FOREIGN_KEY_CHECKS, FOREIGN_KEY_CHECKS=0 */;
/*!40101 SET @OLD_SQL_MODE=@@SQL_MODE, SQL_MODE='NO_AUTO_VALUE_ON_ZERO' */;
/*!40111 SET @OLD_SQL_NOTES=@@SQL_NOTES, SQL_NOTES=0 */;

--
-- Table structure for table `comment`
--

DROP TABLE IF EXISTS `comment`;
/*!40101 SET @saved_cs_client     = @@character_set_client */;
/*!50503 SET character_set_client = utf8mb4 */;
CREATE TABLE `comment` (
  `comment_id` int(11) NOT NULL,
  `comment_name` varchar(45) DEFAULT NULL,
  PRIMARY KEY (`comment_id`),
  UNIQUE KEY `comment_name_UNIQUE` (`comment_name`)
) ENGINE=InnoDB DEFAULT CHARSET=utf8;
/*!40101 SET character_set_client = @saved_cs_client */;

--
-- Dumping data for table `comment`
--

LOCK TABLES `comment` WRITE;
/*!40000 ALTER TABLE `comment` DISABLE KEYS */;
INSERT INTO `comment` VALUES (1,'comment_1'),(2,'comment_2'),(3,'comment_3'),(4,'comment_4');
/*!40000 ALTER TABLE `comment` ENABLE KEYS */;
UNLOCK TABLES;

--
-- Table structure for table `config`
--

DROP TABLE IF EXISTS `config`;
/*!40101 SET @saved_cs_client     = @@character_set_client */;
/*!50503 SET character_set_client = utf8mb4 */;
CREATE TABLE `config` (
  `config_id` int(11) NOT NULL,
  `config` varchar(45) DEFAULT NULL,
  PRIMARY KEY (`config_id`),
  UNIQUE KEY `config_UNIQUE` (`config`)
) ENGINE=InnoDB DEFAULT CHARSET=utf8;
/*!40101 SET character_set_client = @saved_cs_client */;

--
-- Dumping data for table `config`
--

LOCK TABLES `config` WRITE;
/*!40000 ALTER TABLE `config` DISABLE KEYS */;
INSERT INTO `config` VALUES (1,'conf-001'),(2,'conf-002'),(3,'conf-003'),(4,'conf-004'),(5,'conf-005'),(6,'conf-006'),(7,'conf-007'),(8,'conf-008'),(9,'conf-009'),(10,'conf-010'),(11,'conf-011'),(12,'conf-012');
/*!40000 ALTER TABLE `config` ENABLE KEYS */;
UNLOCK TABLES;

--
-- Table structure for table `device`
--

DROP TABLE IF EXISTS `device`;
/*!40101 SET @saved_cs_client     = @@character_set_client */;
/*!50503 SET character_set_client = utf8mb4 */;
CREATE TABLE `device` (
  `device_name` varchar(255) NOT NULL,
  `device_group` varchar(255) DEFAULT NULL,
  PRIMARY KEY (`device_name`)
) ENGINE=InnoDB DEFAULT CHARSET=utf8;
/*!40101 SET character_set_client = @saved_cs_client */;

--
-- Dumping data for table `device`
--

LOCK TABLES `device` WRITE;
/*!40000 ALTER TABLE `device` DISABLE KEYS */;
INSERT INTO `device` VALUES ('1ST ROW STORAGE','X04_INTERIOR_TRIM_&_STORAGE'),('2ND ROW SEAT','X03_SEAT'),('2ND ROW STORAGE','X04_INTERIOR_TRIM_&_STORAGE'),('3rd ROW SEAT','X03_SEAT'),('ACCESS','X08_EXTERIOR'),('ADAS COMFORT','X11_SAFETY_SECURITY'),('ADAS PARKING','X11_SAFETY_SECURITY'),('ADAS SAFETY','X11_SAFETY_SECURITY'),('AIR CONDITIONING AND HEATING','X06_AIR_CONDITIONER'),('AIR QUALITY MANAGEMENT','X06_AIR_CONDITIONER'),('AIRBAGS','X11_SAFETY_SECURITY'),('AMBIENT LIGHTING','X04_INTERIOR_TRIM_&_STORAGE'),('AMENITY','X05_AMENITY'),('ASSIST SEAT','X03_SEAT'),('AUDIO & NAVIGATION','X07_AUDIO_NAVIGATION_CCS'),('BRAKING','X09_MECHANISM'),('CARPETS','X04_INTERIOR_TRIM_&_STORAGE'),('CHARGER','X14_EV_PHEV_HEV'),('COMBI METER','X02_COCKPIT'),('DRIVER SEAT','X03_SEAT'),('DRIVING MODE','X09_MECHANISM'),('EV DEDICATED FEATURES','X14_EV_PHEV_HEV'),('FUNCTIONAL LIGHTING','X04_INTERIOR_TRIM_&_STORAGE'),('GEAR SHIFT','X02_COCKPIT'),('GLASSES','X01_VISIBILITY'),('HEADREST','X03_SEAT'),('HMI','X02_COCKPIT'),('INNER PROTECTION','X04_INTERIOR_TRIM_&_STORAGE'),('LIGHTING','X01_VISIBILITY'),('LOGO & EMBLEM','X08_EXTERIOR'),('NVH MANAGEMENT','X07_AUDIO_NAVIGATION_CCS'),('OPENING','X08_EXTERIOR'),('OTHER','X12_OTHER'),('PARKING BRAKE','X02_COCKPIT'),('PASSENGER SUPPORT','X04_INTERIOR_TRIM_&_STORAGE'),('PEDALS AND FOOT-REST','X02_COCKPIT'),('PHYSICAL SWITCHES','X02_COCKPIT'),('PLUG / CABLE','X14_EV_PHEV_HEV'),('REAR VIEW MIRROR / CAMERA','X01_VISIBILITY'),('SEAT BELT','X11_SAFETY_SECURITY'),('SIDE VIEW MIRROR / CAMERA','X01_VISIBILITY'),('SOUND BUBBLE','X07_AUDIO_NAVIGATION_CCS'),('SPARE WHEEL','X10_WHEELS_&_TIRES'),('SPEAKERS','X07_AUDIO_NAVIGATION_CCS'),('STEERING','X02_COCKPIT'),('SUN VISOR','X02_COCKPIT'),('TIRES','X10_WHEELS_&_TIRES'),('TRIM','X03_SEAT'),('TRUNK / LUGGAGE STORAGE','X04_INTERIOR_TRIM_&_STORAGE'),('UNKNOW_device','UNKNOW_device_group'),('WARNING & ALERT','X11_SAFETY_SECURITY'),('WHEELS & WHEEL COVERS','X10_WHEELS_&_TIRES'),('WINDOW OPENING','X02_COCKPIT');
/*!40000 ALTER TABLE `device` ENABLE KEYS */;
UNLOCK TABLES;

--
-- Table structure for table `device_details`
--

DROP TABLE IF EXISTS `device_details`;
/*!40101 SET @saved_cs_client     = @@character_set_client */;
/*!50503 SET character_set_client = utf8mb4 */;
CREATE TABLE `device_details` (
  `device_details_name` varchar(255) NOT NULL,
  `option_detail` varchar(500) DEFAULT NULL,
  `auto` varchar(255) DEFAULT NULL,
  `group_detail` varchar(255) DEFAULT NULL,
  `device_name` varchar(255) NOT NULL,
  PRIMARY KEY (`device_details_name`),
  KEY `fk_device_details_device1_idx` (`device_name`),
  CONSTRAINT `fk_device_details_device1` FOREIGN KEY (`device_name`) REFERENCES `device` (`device_name`)
) ENGINE=InnoDB DEFAULT CHARSET=utf8;
/*!40101 SET character_set_client = @saved_cs_client */;

--
-- Dumping data for table `device_details`
--

LOCK TABLES `device_details` WRITE;
/*!40000 ALTER TABLE `device_details` DISABLE KEYS */;
INSERT INTO `device_details` VALUES (' HIGH BEAM ASSIST (HBA)','null','null','XR6視界','LIGHTING'),(' LANE DEPARTURE PREVENTION (LDP)','null','null','XQ3AD','ADAS SAFETY'),(' POWER OPEN/CLOSE SLIDE','w','null','XX4PSD','UNKNOW_device'),('2nd row armrest','w','null','XD2材料','2ND ROW SEAT'),('2ND ROW HEATED SEAT','w,w/o','null','XX4SC','2ND ROW SEAT'),('2ND ROW SEAT BELT','ALL','null','XX4EMC,XR6シートベルト','SEAT BELT'),('2ND ROW SEAT BELT REMINDER','ALL','null','XX4EMC,XR6シートベルト','SEAT BELT'),('2ND ROW SEAT BELT REMINDER OCS','w.w/o','null','XR6シートベルト','SEAT BELT'),('2ND ROW SEAT COMFORT FEATURE','ALL','null','XX4EMC','2ND ROW SEAT'),('2ND ROW SEAT HEATER AND COOLER','ALL','null','XX4EMC','2ND ROW SEAT'),('2ND ROW SEAT TYPE AND ADJUSTMENT','ALL','null','XX4EMC','2ND ROW SEAT'),('2ND ROW SEAT TYPE AND ADJUSTMENT.','BENCH,SPRIT','null','XR6シートベルト','2ND ROW SEAT'),('2nd Seat\n3rd Seat','w/o','null','XQ2乗心地性能','DRIVER SEAT'),('3RD BRAKE LIGHT / HIGH MOUNT STOP LAMP','ALL','null','XX4EMC','LIGHTING'),('3RD ROW SEAT BELT','ALL','null','XX4EMC,XR6シートベルト','SEAT BELT'),('3RD ROW SEAT BELT REMINDER','ALL','null','XX4EMC','SEAT BELT'),('3RD ROW SEAT HEATER AND COOLER','ALL','null','XX4EMC','UNKNOW_device'),('3rd Seat','w,w/o','null','XR3シート,XQ2乗心地性能,XL4シート','DRIVER SEAT'),('AC 120V or 240V 1500W OUTLET','Ｗ','null','XX4WH','CHARGER'),('AC CHARGER','null','null','XX4EMC','CHARGER'),('AC INV\n(V2L_inside)','w','null','XP4充電','UNKNOW_device'),('AC PLUG STANDARD','MODE 2 CABLE\n100V/120V,MODE 2 CABLE\n200V /230V/240V,MODE 3 CABLE ','null','XX4EMC,XX4NH電動車','CHARGER'),('AC-INV','ｗ','null','XP4EVシステム','UNKNOW_device'),('Accel Pedal KD(キックダウン)','null','null','XR2コントロール','UNKNOW_device'),('ACTIVE SOUND CONTROL','ALL','null','XQ4実車','NVH MANAGEMENT'),('AD','w','null','XR6視界,XP4EVシステム','ADAS COMFORT'),('AD(AUTONOMOUS DRIVING)','ALL','null','XX4WH','ADAS COMFORT'),('AD1','w,w/o','null','XX4GN1ラジオノイズ','ADAS COMFORT'),('AD2','w,w/o','null','XJBVDC,XQ5Failsafe,XX4GN1ラジオノイズ,XM6アンテナ,XX4AD','ADAS COMFORT'),('ADAPTIVE CRUISE CONTROL (ACC)','ALL,w','null','XX4EMC,XX4WH','ADAS COMFORT'),('ADAPTIVE DRIVING BEAM (ADB)','w,w/o','null','XR6視界,XX4LEDHead','ADAS SAFETY'),('ADAPTIVE FRONT LIGHTING SYSTE(AFS)','w','null','XX4AFS','LIGHTING'),('ADB(ADAPTIVE DRIVING BEAM)','ｗ,w/o','null','XX4HBA,XX4ADB','LIGHTING'),('ADDITIONAL HEATER FOR PASSENGERS','ALL','null','XX4EMC','UNKNOW_device'),('ADDITIONAL REAR AIR CONDITIONING','ALL','null','XX4EMC','UNKNOW_device'),('ADJUSTMENT OF HEADLIGHTS ','ALL','null','XX4EMC','LIGHTING'),('AFS','null','アダプティブフロントライティングシステム','XR6視界','ADAS SAFETY'),('AIR CONDITIONER','AUTO A/C,ALL','null','XR5空調,XX4SC','AIR CONDITIONING AND HEATING'),('AIR CONDITIONING AND HEATING SYSTEM','ALL','null','XX4EMC,XQE電動車','AIR CONDITIONING AND HEATING'),('AIR CONDITIONING AND HEATING TYPE','ALL','null','XX4NH電動車,XX4EMC,XX4WH','AIR CONDITIONING AND HEATING'),('AIR CONTIONING AND HEATIN','ALL','null','XX4EMC','AIR CONDITIONING AND HEATING'),('AIR TREATMENT','ALL','null','XX4EMC','AIR QUALITY MANAGEMENT'),('AIRBAG CANCEL','ALL','null','XX4EMC','AIRBAGS'),('Alarm type','Perimeric,Volmatric','null','XX4BCM','WARNING & ALERT'),('ALS(Auto Light Sensor)','w,w/o','null','XX4レインセンサ','LIGHTING'),('Ambient light','Mono color ambient,Multi color','null','XX4ESS49','AMBIENT LIGHTING'),('Ambient lighting','マルチカラー,モノかラー','null','XX4BCM','AMBIENT LIGHTING'),('ANC','ALL','null','XQ4実車','NVH MANAGEMENT'),('ANC (ACTIVE NOISE CANCELLATION)','ALL','null','XX4EMC','NVH MANAGEMENT'),('ANC / ACTIVE NOISE CANCELLATION / DRIVING SOUND CONTROL','ALL','null','XM6音質','NVH MANAGEMENT'),('ANTENNA','200mm ROD,300mm ROD,800mm ROD,PILLAR,COWL TOP,SHARK FIN,ON GLASS\n(SIDE),ON GLASS\n(REAR),ON GLASS\n(BACK DOOR)','null','XM6アンテナ','AUDIO & NAVIGATION'),('ANTI-LOCK BRAKING SYSTEM','ALL','null','XX4EMC','BRAKING'),('ANTI-THEFT DEVICES','with,ALL','null','XX7USM,XX4EMC','WARNING & ALERT'),('AROUND VIEW MONITOR\n（AVM）','ALL','null','XR6視界','ADAS PARKING'),('AROUND VIEW MONITOR','ALL,w','null','XX4EMC,XQ3AD,XX4GN1ラジオノイズ,XX4WH,XM6camera','ADAS PARKING'),('AS HEATED SEAT','w,w/o','null','XX4SC','ASSIST SEAT'),('AS SEAT COMFORT FEATURE','ALL','null','XX4EMC','ASSIST SEAT'),('AS SEAT HEATER ','w,w/o','null','XR6乗員判別','ASSIST SEAT'),('AS SEAT HEATER AND COOLER','ALL','null','XX4EMC','ASSIST SEAT'),('AS SEAT TYPE AND ADJUSTMENT','ALL','null','XX4EMC','ASSIST SEAT'),('AS SEAT TYPE AND ADJUSTMENT.','POWER,MANUAL','null','XR6シートベルト','ASSIST SEAT'),('ASCD','w','オートスピードコントロール','UE2動力運転性,XP4EVシステム','ADAS COMFORT'),('ASL','w','null','UE2動力運転性,XP4EVシステム','UNKNOW_device'),('ASSISTANT SEAT BELT','ALL','null','XX4EMC','SEAT BELT'),('ATシフトデバイス','null','アクセルペダルを踏み込んだ時のクリック感（踏みすぎ防止）','XR2コントロール','UNKNOW_device'),('AUDIO','IVI,DA,レス','null','XM6音質,XX4AD','AUDIO & NAVIGATION'),('AUDIO & NAVIGATION','ALL','null','XX4WH','AUDIO & NAVIGATION'),('AUDIO & NAVIGATION / TYPES OF RADIOS','ALL','null','XM6アンテナ','AUDIO & NAVIGATION'),('AUDIO LESS','w','null','XX4GN1ラジオノイズ','AUDIO & NAVIGATION'),('Audio Navigation','GAS NAVI,DA','null','XX4SV','AUDIO & NAVIGATION'),('AUDIO SYSTEM','BOSE,non-BOSE,Klipsch 24SP,Klipsch 14SP,Klipsch 12SP,SP Ω違い,CCS2.0 GAS,CCS2.0 non-GAS,DA2(CCS2 DA),A-IVI2 Ph1,CCS1.5 DA,LowDA (Plus),N18,P-IVI ST2.1/ST3.1\nA-IVI ST2.1/ST3.1','null','XX4HF-VR-ETC','SPEAKERS'),('AUDIO VISUAL','ALL','null','XX4EMC','UNKNOW_device'),('AUTO CLOSER','ｗ','null','XX4バックドアクロージャ―','OPENING'),('AUTO COMPASS','ALL','null','XX4EMC','UNKNOW_device'),('AUTO EXTENTION LIGHT ','ALL','null','XX4EMC','LIGHTING'),('AUTO HAZARD','null','null','XR6視界','WARNING & ALERT'),('AUTO LEVELIZER','null','null','XR6視界','UNKNOW_device'),('Auto light','w/o,LINタイプ,ハードウェアタイプ','自動車のボディ制御に使われる通信プロトコル「LIN」','XX4BCM','LIGHTING'),('AUTO LIGHT (ALS)','w,w/o','null','XX4オートライト','LIGHTING'),('AUTO LIGHT SYSTEM','ALL','null','XX4EMC','LIGHTING'),('Auto Wiper','w,w/o','null','XX4BCM','GLASSES'),('AUTO WIPER AND AUTO LIGHT','ALL','null','XX4EMC','LIGHTING'),('AUTOMATIC EMERGENCY BRAKING SYSTEM  (AEBS)','ALL','null','XX4EMC','ADAS SAFETY'),('Automatically folding mirror','w,w/o','null','XX4BCM','SIDE VIEW MIRROR / CAMERA'),('AUTONOMOUS DRIVING','ALL,w/o,AD1,AD2','null','XX4EMC,XM6メータ,UE2燃費,XX4EMC,XQ3AD,XX4CANGateway,XX4BCM,XX4EMC,XX4PT,XX4SV,XX4EMC,XX4PT','ADAS COMFORT'),('AUTONOMOUS DRIVING SF','AD2 ✚ INFORMATION SUPPORT LIGHT AD LINK','null','XX4EMC','ADAS COMFORT'),('AUTONOMOUS EMERGENCY STEERING','ALL','null','XX4EMC','ADAS SAFETY'),('AUTONOMOUS EMERGENCY STEERING (AES)','ALL','null','XX4EMC','ADAS SAFETY'),('BACKWARD COLLISION PREVEN','ALL','null','XX4EMC','ADAS SAFETY'),('Battery Charger For ELEC. VEH','ALL','null','UE2燃費','CHARGER'),('BATTERY HEATING','(Water PTC),w','null','XX4NH電動車,XQ5保安防災','AIR CONDITIONING AND HEATING'),('BD-EPS(ベルトドライブEPS)','null','null','XQ4機構','UNKNOW_device'),('BLACK BOX','W/ EVENT DATA RECORDER','null','XX4EMC','UNKNOW_device'),('BLIND SPOT DETECTION','ALL','null','XX4EMC','ADAS SAFETY'),('BLIND SPOT INTERVENTION (BSI)','null','null','XQ3AD','ADAS SAFETY'),('BLIND SPOT WARNING (BSW)','null','null','XQ3AD','ADAS SAFETY'),('BOSE','w,w/o','null','XX4GN1ラジオノイズ','SPEAKERS'),('BOSE SPEAKER','Ｗ','null','XX4WH','SPEAKERS'),('Brake lamp','LED,Bulb','null','XX4BCM','LIGHTING'),('Brake type','null','null','XJBVDC,XQ2VDC','UNKNOW_device'),('BRAKING ASSISTANCE','ALL','null','XX4EMC','BRAKING'),('BULB REAR LAMP','w','null','XX4GN1ラジオノイズ','LIGHTING'),('CAB違い','null','null','XQ2VDC','UNKNOW_device'),('CCS2','w','null','XM6E2E','AUDIO & NAVIGATION'),('CENTER CONSOLE','ALL','null','XX4EMC','DRIVER SEAT'),('CENTER CONSOLE 2ND ROW','2ND SUPER MULTI CONSOLE with RCP','null','XX4EMC','2ND ROW SEAT'),('Central door locking','central door lock SW (DR)','null','XX4スイッチ','ACCESS'),('CHARGE WARNING LAMP','ALL','null','XX4EMC','UNKNOW_device'),('CHARGER','SINGLE,3PHASE','null','XX4NH電動車','CHARGER'),('CITY ✚ REAR CROSS TRAFFIC ALERT (RCTA)','null','null','XQ3AD','ADAS SAFETY'),('CLUTCH CONTROL TYPE','ALL','null','XX4EMC','UNKNOW_device'),('CLUTCH_UNIT','null','null','XR2コントロール','UNKNOW_device'),('COLD STARTING ASSISTANCE','ALL','null','XX4EMC','UNKNOW_device'),('COMBI METER','FULL TFT,ANALOG SPEED+TACHO + TFT,ALL','null','XX4CANGateway','COMBI METER'),('COMBINATION SWITCH','ALL','null','XX4EMC','STEERING'),('Cross bar','null','null','XR5風音','UNKNOW_device'),('CRUISE CONTROL','ALL','null','XX4EMC','ADAS COMFORT'),('CRUISE CONTROL/SPEED LIMI','null','null','XQ3AD','ADAS COMFORT'),('CRUISE CONTROL/SPEED LIMITER','ALL','null','XX4EMC','ADAS COMFORT'),('DAS','w,w/o','DAS(ダイレクトアダプティブステアリング)','XQ5Failsafe','UNKNOW_device'),('DAS(ダイレクトアダプティブステアリング)','null','null','XQ4機構','UNKNOW_device'),('DAYTIME HEADLIGHTS','ALL','null','XX4EMC','LIGHTING'),('DAYTIME RUNNING LIGHT','with','null','XX7USM','LIGHTING'),('DAYTIME RUNNING LIGHT (DRL)','w,ALL','null','XR6視界,XX4EMC','LIGHTING'),('DAYTIME RUNNING LIGHTS','ALL','null','XX4EMC,XX4WH','LIGHTING'),('DC CHARGER','null','null','XX4EMC','CHARGER'),('DCDC','ALL','null','XX4NH電動車','UNKNOW_device'),('Delay Timer','w,w/o','null','XX4BCM','LIGHTING'),('DIRECT ADAPTIVE STEERING','ｗ','null','XX4PT','UNKNOW_device'),('DISPLAY AUDIO','w','null','XX4GN1ラジオノイズ,XR4HMI','AUDIO & NAVIGATION'),('DOOR SAFETY','ALL','null','XX4EMC','ACCESS'),('DP-EPS(デュアルピニオンEPS)','null','null','XQ4機構','UNKNOW_device'),('DR HEATED SEAT','w,w/o','null','XX4SC','DRIVER SEAT'),('DR SEAT COMFORT FEATURE','ALL','null','XX4EMC','DRIVER SEAT'),('DR SEAT HEATER AND COOLER','ALL','null','XX4EMC','DRIVER SEAT'),('DR SEAT TYPE AND ADJUSTMENT','ALL','null','XX4EMC','DRIVER SEAT'),('DR SEAT TYPE AND ADJUSTMENT.','POWER,MANUAL','null','XR6シートベルト','DRIVER SEAT'),('DRIVE EVENT RECORDER','ALL','null','XX4EMC','ADAS SAFETY'),('DRIVE RECORDER','w,w/o','null','XX4GN1ラジオノイズ,XX4CANGateway','ADAS SAFETY'),('DRIVER ATTENTION ALERT','ALL','null','XX4EMC,XQ3AD','WARNING & ALERT'),('DRIVER MONITORING','ALL','null','XX4EMC','ADAS SAFETY'),('driver monitoring by steering','null','null','XQ3AD','ADAS SAFETY'),('DRIVER\'S AIRBAG','ALL','null','XX4EMC','AIRBAGS'),('DRIVING ASSISTANCE','ALL','null','XX4EMC','UNKNOW_device'),('DRIVING ASSITANCE','ALL','null','XX4EMC','ADAS COMFORT'),('Driving mode','LINタイプ,ハードウェアタイプ','どちらか不明、自動車のボディ制御に使われる通信プロトコル「LIN」','XX4BCM','DRIVING MODE'),('DRIVING MODE 2WD','ALL','null','XX4EMC','DRIVING MODE'),('DRIVING MODE 4WD','ALL','null','XX4EMC','DRIVING MODE'),('DRIVING MODE CONTROL','ALL','null','XX4EMC','DRIVING MODE'),('DRL','w,w/o','null','XX4BCM','LIGHTING'),('DVR','null','ドライブレコーダー','XR6視界,XX4DVR','ADAS SAFETY'),('DYNAMIC TURN INDICATOR','w','null','XX4TurnLamp','UNKNOW_device'),('E-DIMMING','null','null','XX4Sunroof','OPENING'),('e-releace','w','null','XX4メカトロS45','UNKNOW_device'),('ECO DRIVING COACHING','ALL','null','XX4EMC','UNKNOW_device'),('ECONOMIC DRIVING','ALL','null','XX4EMC','DRIVING MODE'),('ECU付電動センサーストレージボックス','ALL','null','XX4MCS','UNKNOW_device'),('ELECTRIC PARKING BRAKE','null','null','XQ5保安防災','PARKING BRAKE'),('ELECTRIC TOLL COLLECTION','ALL','null','XX4EMC','UNKNOW_device'),('ELECTRICAL SIDE DOOR OPENING AND CLOSING','ALL','null','XX4EMC','OPENING'),('EMERGENCY ASSIST FOR PEDAL MISAPPLICATION','ALL','null','XQ3AD,XX4EMC','ADAS SAFETY'),('EMERGENCY BRAKE ASSIST (EBA / BA)','ALL','null','XX4EMC','BRAKING'),('EMERGENCY CALL AND BREAKDOWN','ALL','null','XX4EMC','WARNING & ALERT'),('EMERGENCY SIGNAL','ALL','null','XX4EMC','WARNING & ALERT'),('emergency steering assist/support (esa/ess)','null','null','XQ3AD','ADAS SAFETY'),('EMERGENCY STOP SIGNAL ','ALL','null','XX4EMC','UNKNOW_device'),('ENERGY SMART MANAGEMENT','ALL','null','XX4EMC','UNKNOW_device'),('ENG','Gasoline,Diesel','null','XR2燃料','UNKNOW_device'),('ENGINE REV COUNTER','ALL','null','XX4EMC','UNKNOW_device'),('ENGINE START / POWER ON','ALL','null','XX4EMC','PHYSICAL SWITCHES'),('ENGINE START TYPE','with,ALL','null','XX7USM,XX4EMC','PHYSICAL SWITCHES'),('EPKB','null','null','XR2コントロール','PARKING BRAKE'),('ESCL','w,w/o','電子ステアリング コラム ロック','XX4BCM','UNKNOW_device'),('ESS','null','EMERGENCY STEERING ASSIST/SUPPORT (ESA/ESS)','XR6視界','ADAS SAFETY'),('ETC 2.0(ELECTRIC TOLL COLLECTION)','Ｗ','null','XX4WH','UNKNOW_device'),('EV CHARGE CONN TYPE','ALL','null','XX4EMC','UNKNOW_device'),('EV SOUND FOR PEDESTRIANS','ALL','null','XX4EMC','EV DEDICATED FEATURES'),('EVSE','ALL','null','XX4EMC','UNKNOW_device'),('Exh.仕様','ALL','null','XR5冷熱','UNKNOW_device'),('EXTERIOR MIRRORS RETRACTI','ALL','null','XX4EMC','SIDE VIEW MIRROR / CAMERA'),('EXTERIOR REAR VIEW MIRROR','ALL','null','XX4EMC','SIDE VIEW MIRROR / CAMERA'),('FAP（フルオートパーク）','w','null','UI6EV','ADAS PARKING'),('FAR SIDE AIRBAG','ALL','null','XX4EMC','AIRBAGS'),('FLUSH DOOR HANDLE','w','null','XX4メカトロS45','ACCESS'),('Flush handle','w,w/o','null','XX4BCM','ACCESS'),('FOG LIGHTS','ALL','null','XX4EMC','LIGHTING'),('FORWARD COLLISION WARNING','ALL','null','XX4EMC','ADAS SAFETY'),('FORWARD EMERGENCY BRAKING','ALL','null','XQ3AD,XX4EMC,XX4AD','ADAS SAFETY'),('FR BMPR-type','ALL','null','XR6内外装','UNKNOW_device'),('FR CAMERA','w,w/o','null','XL7外装,XR6内外装','ADAS PARKING'),('FR FOG LAMP','W','null','XL7外装','LIGHTING'),('FR FOG LAMP(HAROGEN)','W','null','XX4WH','LIGHTING'),('FR FOG LAMP(LED)','W','null','XX4WH','LIGHTING'),('FR Grill-type','ALL','null','XR6内外装','UNKNOW_device'),('Fr Heater Seat','with','null','XR5空調','DRIVER SEAT'),('FR RADAR','null','null','XL7外装','ADAS PARKING'),('FR SEAT HEATER','Ｗ','null','XX4WH','DRIVER SEAT'),('FR SEAT HEATER AND COOLER','Ｗ','null','XX4WH','DRIVER SEAT'),('FR SIDE CAMERA','null','null','XL7外装','ADAS PARKING'),('FR SIDE RADAR','null','null','XL7外装','ADAS PARKING'),('FR SONAR','null','null','XL7外装','ADAS PARKING'),('FR SUSP形式違い','ALL','null','XQ5保安防災','UNKNOW_device'),('Fr 空調シート(Heater ＋ Cooler Seat)','with','null','XR5空調','DRIVER SEAT'),('FR:Multi\nRR:5link','w','null','XR2シャシー','UNKNOW_device'),('FR:Multi\nRR:LEAF','w','null','XR2シャシー','UNKNOW_device'),('FR:Multi\nRR:QI2','w','null','XR2シャシー','UNKNOW_device'),('FR:STRUT\nRR:3Link','w','null','XR2シャシー','UNKNOW_device'),('FR:STRUT\nRR:HT Beam','w','null','XR2シャシー','UNKNOW_device'),('FR:STRUT\nRR:Prarell','w','null','XR2シャシー','UNKNOW_device'),('FR:STRUT\nRR:QI2','w','null','XR2シャシー','UNKNOW_device'),('FR:STRUT\nRR:RM2','w','null','XR2シャシー','UNKNOW_device'),('FR:STRUT\nRR:TC','w','null','XR2シャシー','UNKNOW_device'),('FRONT  WINDOW OPENING SYS','ALL','null','XX4EMC','WINDOW OPENING'),('FRONT AIRBAG','ALL','null','XX4EMC','AIRBAGS'),('FRONT COLLISION WARNING','null','null','XQ3AD','ADAS SAFETY'),('FRONT DOOR WINDOW OPENING','ALL','null','XX4EMC','WINDOW OPENING'),('FRONT DOOR WINDOW OPENING2','POWERED FR WINDOW LIFT ✚ AUTO REVERSE ✚ DRIVER ONE TOUCH ✚ TIMER ✚ ALL WINDOW CONTROL PANEL','null','XX4スイッチ','WINDOW OPENING'),('Front Fog','w,w/o','null','XX4BCM','LIGHTING'),('FRONT FOG LAMP\nフロントフォグランプ','null','null','XR6視界','LIGHTING'),('FRONT FOG LAMP','LED,HALOGEN,w,all','null','XX7USM,XX4GN1ラジオノイズ,XX4EMC','LIGHTING'),('FRONT ILLUMINATION LIGHT','ALL','null','XX4EMC','LIGHTING'),('FRONT KNEE AIRBAGS','ALL','null','XX4EMC','AIRBAGS'),('FRONT LIGHT\nヘッドランプ','null','null','XR6視界','LIGHTING'),('FRONT LIGHT','ALL','null','XX4EMC','LIGHTING'),('FRONT LIGHT/HEAD LAMP','ALL','null','XX4WH','LIGHTING'),('FRONT PASSENGER SEAT(S)','ALL','null','XX4EMC','ASSIST SEAT'),('FRONT SEAT BELT','ALL','null','XX4EMC,XR6シートベルト','SEAT BELT'),('FRONT SEAT BELT ADJUSTMEN','ALL','null','XX4EMC','SEAT BELT'),('FRONT SEAT BELT PRE-TENSIONER','ALL','null','XX4EMC','SEAT BELT'),('FRONT SEAT BELT PRETENSIONER','ALL','null','XX4EMC','SEAT BELT'),('FRONT SEAT BELT REMINDER','ALL','null','XX4EMC,XR6シートベルト','SEAT BELT'),('FRONT SEATS TYPE','ALL','null','XX4EMC,XR2車体信頼','DRIVER SEAT'),('FRONT SIDE AIRBAG','ALL','null','XX4EMC','AIRBAGS'),('FRONT WINDSCREEN HEATER','w,w/o','null','XX4GN1ラジオノイズ','GLASSES'),('FRONT WINDSCREEN HEATER / HEATED FRONT SCREEN','w,w/o','null','XM6アンテナ','GLASSES'),('FRONT WINDSCREEN WIPER SP','ALL','null','XX4EMC','GLASSES'),('FULL AUTO A/C (TOUCH PANEL TYPE)','ALL','null','XX4EMC','AIR CONDITIONING AND HEATING'),('Full FlanK Protection(FKP)','w','null','XX4SONAR','ADAS PARKING'),('GALASS ANTENNA','w','null','XX4GN1ラジオノイズ','AUDIO & NAVIGATION'),('GEAR SHIFT AT','ALL','null','XX4EMC','GEAR SHIFT'),('GEAR SPEED CONTROL TYPE','ALL','null','XX4EMC','GEAR SHIFT'),('GLARE FREE HIGH BEAM STANDARD / ADAPTIVE DRIVING BEAM (ADB)','w/o','null','XX4AFS','LIGHTING'),('GROUND ILLUMINATION','ALL','null','XX4EMC','LIGHTING'),('HALOGEN HEADLAMP','w','null','XX4GN1ラジオノイズ','LIGHTING'),('HAND FREE','w','Kick Sensor','XX4KickSensor','OPENING'),('HANDS FREE POWER DOOR','w','null','XX4PSD','UNKNOW_device'),('HBA(HIGH BEAM ASSIST)','w/o,w','null','XX4ADB,XX4HBA','LIGHTING'),('HDC','w','null','XQ2VDC','UNKNOW_device'),('HEAD LAMP LEVELIZER','Manual  LEVELIZER,AUTO   LEVELIZER,AirSUS LEVELIZER,ALL','null','XX7USM','LIGHTING'),('HEAD LAMPS TYPE','ALL','null','XX4EMC','LIGHTING'),('HEAD UNIT','NAVI,AUDIO,AUDIO LESS,NAVI READY','null','XM6アンテナ','AUDIO & NAVIGATION'),('Head Up Display','w,w/o','null','XX4SV','COMBI METER'),('HEAD UP DISPLAY (HUD)','ALL','null','XX4EMC,XX4WH,XX4CANGateway','COMBI METER'),('HEADLAMP CLEANER','with,ALL','null','XX7USM,XX4EMC','LIGHTING'),('HEADLAMP TYPE','LED ,HALOGEN ','null','XX7USM','LIGHTING'),('HEADLIGHT WASHER','ALL','null','XX4EMC','LIGHTING'),('HEADLIGHT WIPERS','ALL','null','XX4EMC','LIGHTING'),('HEAT PUMP','w,w/o','null','XR5空調','AIR CONDITIONING AND HEATING'),('HEATED SCREEN','Ｗ','null','XX4WH','GLASSES'),('HEATER FOR EV','(AIR PTC)','null','XX4NH電動車','AIR CONDITIONING AND HEATING'),('HEATER FOR EV / ADDITIONAL HEATER','ALL','null','XX4EMC','AIR CONDITIONING AND HEATING'),('Heating windscreen','w,w/o','null','XX4BCM','GLASSES'),('HEPS(油圧電動パワステ)','null','null','XQ4機構','UNKNOW_device'),('HEV/PHEV ENERGY MODE','ALL','null','XX4EMC','UNKNOW_device'),('HIGH BEAM ASSIST','w,w/o','null','XX4GN1ラジオノイズ,XX4EMC','LIGHTING'),('HIGH BEAM ASSIST (HBA)','w','null','XX4LEDHead','LIGHTING'),('HIGH MOUNTED STOP LAMP','null','null','XX4EMC','LIGHTING'),('Hood visor','null','null','XR5風音','UNKNOW_device'),('HORN','null','null','XR6視界','OTHER'),('HUD','w,w/o','null','XR4HMI,XX4GN1ラジオノイズ,XM6メータ,XX4AD','COMBI METER'),('I-KEY ','ALL','null','XX4EMC','ACCESS'),('I-KEY (BADGE)','ALL','null','XX4EMC','ACCESS'),('ICC','w,w/o','null','XJBVDC','ADAS COMFORT'),('ICC(ｲﾝﾃﾘｼﾞｪﾝﾄ ｸﾙｰｽﾞ ｺﾝﾄﾛｰﾙ)','null','null','XQ4機構','ADAS COMFORT'),('IDM(ｲﾝﾃﾘｼﾞｪﾝﾄ ﾀﾞｲﾅﾐｸｽｺﾝﾄﾛｰﾙ ﾓｼﾞｭｰﾙ)','null','null','XQ4機構','UNKNOW_device'),('Illumination BI','null','null','XL7外装','LOGO & EMBLEM'),('IN-CAR COMMUNICATION','ALL','null','XX4EMC','HMI'),('INSIDE MIRROR\nインサイドミラー','null','null','XR6視界','REAR VIEW MIRROR / CAMERA'),('INTERIOR REAR VIEW MIRROR','ALL','null','XX4EMC','REAR VIEW MIRROR / CAMERA'),('IONIZER','ALL','null','XX4EMC','UNKNOW_device'),('IVC','null','null','XX4リモート','UNKNOW_device'),('IVI','w,w/o','null','XX4BCM,XM6IVI,XR4HMI','AUDIO & NAVIGATION'),('IVI（NAVI/DA）','NAVI,DA,Less','null','XM6メータ','AUDIO & NAVIGATION'),('KEY SET','ALL','null','XX4EMC','UNKNOW_device'),('Kick Sensor','w,w/o','null','XX4BCM','OPENING'),('LANE DEPARTURE WARNING (LDW)','null','null','XQ3AD','ADAS SAFETY'),('LANE KEEP','ALL','null','XQ3AD,XX4EMC','ADAS SAFETY'),('Lapプリテン装備','with,without','運転席プリテンショナ','XR6シートベルト','SEAT BELT'),('LATERAL SUPPORT SYSTEM','ALL','null','XX4EMC','ADAS SAFETY'),('LEAD CAR DEPARTURE NOTIFICATION','ALL','null','XX4EMC','WARNING & ALERT'),('LEAD CAR DEPARTURE NOTIFICATION (LCDN)','ALL','null','XX4EMC','WARNING & ALERT'),('LED HEADLAMP','w','null','XX4GN1ラジオノイズ','LIGHTING'),('LED LB','w','null','XX4LEDHead','LIGHTING'),('LED REAR LAMP ','w','null','XX4GN1ラジオノイズ','LIGHTING'),('LIGHTS-ON WARNING','ALL','null','XX4EMC','UNKNOW_device'),('LOCAL NAVI','w','null','XX4GN1ラジオノイズ','AUDIO & NAVIGATION'),('LUGGAGE HOOK','ｗ','null','XR2車体信頼','UNKNOW_device'),('MANUAL LEVELIZER','null','null','XR6視界','UNKNOW_device'),('MAP LAMP','w,w/o','null','XR6内外装','UNKNOW_device'),('MASSAGE STANDARD\n(2nd seat)','w','null','XX4SPCU','DRIVER SEAT'),('MASSAGE STANDARD\n(3rd seat)','w','null','XX4SPCU','DRIVER SEAT'),('MASSAGE STANDARD\n(FR seat)','w','null','XX4SPCU','DRIVER SEAT'),('Max C.W.\nFR','ｗ','null','XR2車体信頼','UNKNOW_device'),('Max C.W.\nRR','ｗ','null','XR2車体信頼','UNKNOW_device'),('Max C.W.\nTotal','ｗ','null','XR2車体信頼','UNKNOW_device'),('MEDIA','AM/FM,DTV,SXM,DAS','null','XM6アンテナ','UNKNOW_device'),('Meter','Full TFT,Display,Segment','null','XX4BCM,XX4AD','COMBI METER'),('Meter Display Size','7inch,12.3inch,14inch','null','XX4SV,XX4AD','COMBI METER'),('METER UNIT','ALL','null','XX4EMC','COMBI METER'),('MICROPHONE','ALL','null','XX4EMC','UNKNOW_device'),('MOVING OBJECT DETECTION (MOD)','null','null','XQ3AD','ADAS PARKING'),('MUD GUARD','w,w/o','null','XR6内外装','UNKNOW_device'),('NAVI','w','null','XX4GN1ラジオノイズ','AUDIO & NAVIGATION'),('Navi-size','ALL','null','XR6内外装','AUDIO & NAVIGATION'),('OCCUPANT MONITORING','ALL','null','XX4EMC','ADAS SAFETY'),('OCCUPANT MONITORING / CHILD PRESENCE DETECTION DIRECT','null','null','XR6乗員判別','ASSIST SEAT'),('OCCUPANT MONITORING / CHILD PRESENCE DETECTION INDIRECT','null','null','XR6乗員判別','ASSIST SEAT'),('OCCUPANTS SAFE EXIT','ALL','null','XX4EMC','ADAS SAFETY'),('OFF ROAD','ALL','null','XX4EMC,XQ2操安','UNKNOW_device'),('ONE PEDAL FUNCTION WITH STOP','ALL','null','XX4EMC','EV DEDICATED FEATURES'),('OUTSIDE CAMERA','ALL','null','XX4EMC','ADAS PARKING'),('OUTSIDE MIRROR\nアウトサイドミラー','null','null','XR6視界','SIDE VIEW MIRROR / CAMERA'),('OUTSIDE MIRROR','Electrrical Adjustment + Manual Folding,Electrrical Adjustment + Manual Folding + Heated,Electrrical Adjustment + Manual Folding + Heated + Memory,Electrrical Adjustment + Automatically Folding,Electrrical Adjustment + Automatically Folding + Heated,Electrrical Adjustment + Automatically Folding + Reverse Dr & As side,Electrrical Adjustment + Automatically Folding + Heated + Reverse Dr & As side','null','XX4EMC,XX4スイッチ','SIDE VIEW MIRROR / CAMERA'),('OUTSIDE MIRROR ADJUST','ALL','null','XX4EMC','SIDE VIEW MIRROR / CAMERA'),('OUTSIDE MIRROR MEMORY','w','null','XX4PMU','SIDE VIEW MIRROR / CAMERA'),('OUTSIDE TEMPERATURE METER','ALL','null','XX4EMC','HMI'),('OUTSIDE THERMO METER','ALL','null','XX4EMC','HMI'),('PADDLE Shift','w,w/o','null','XX4BCM','STEERING'),('PADDLE SHIFT LEVER','w,ALL','null','XX4GN1ラジオノイズ,XX4EMC','STEERING'),('Panic Alarm','w,w/o','null','XX4BCM','ACCESS'),('PARK ASSIST','ALL','null','XX4EMC','ADAS PARKING'),('PARKING ALERTS','ALL','null','XX4EMC','ADAS PARKING'),('PARKING ASSIST SYSTEM','ALL','null','XQ3AD,XX4EMC','ADAS PARKING'),('PARKING BRAKE TYPE','null','mechanical, electric両方','XJBVDC','PARKING BRAKE'),('PARKING BRAKE TYPE AND ASSIST','ALL','null','XX4EMC','PARKING BRAKE'),('PASSENGER AIRBAG','ALL','null','XX4EMC','AIRBAGS'),('PATH CONTROL','ALL','null','XX4EMC','UNKNOW_device'),('PBD','w,w/o','Power Back Door','XX4BCM','OPENING'),('PCU','null','null','XX4リモート','UNKNOW_device'),('PKB hand,foot','null','null','XR2コントロール','PARKING BRAKE'),('PLUG AND CHARGE','null','null','XX4EMC','CHARGER'),('POST COLLISION AND BREAKDOWN','ALL','null','XX4EMC','WARNING & ALERT'),('POWER BACK DOOR','w,w/o','null','XX4GN1ラジオノイズ,XX4WH,XR3ドアクロ','OPENING'),('Power Back Door(PBD)','w','null','XX4メカトロS46','OPENING'),('POWER OPEN/CLOSE SLIDE','w','null','XX4メカトロS45','UNKNOW_device'),('POWER SEAT','w,w/o','null','XX4GN1ラジオノイズ','DRIVER SEAT'),('Power Slide Door','null','null','XR3ドアクロ','OPENING'),('POWER STEERING','ALL','null','XX4EMC','STEERING'),('Power Trunk','null','null','XR3ドアクロ','OPENING'),('Powerwindow','4席アンチピンチあり, 4席アンチピンチなし','SPに4APと記載','XX4BCM','WINDOW OPENING'),('PRE CRASH','w','null','XX4プリクラッシュ','UNKNOW_device'),('predictive forward collision warning (pfcw)','null','null','XQ3AD','ADAS SAFETY'),('PROXIMITY RADAR','ALL','null','XX4EMC','ADAS PARKING'),('PS','With','null','XQ2操安','STEERING'),('PTC Heater','w,w/o','null','XX4BCM','AIR CONDITIONING AND HEATING'),('PUDDLE LAMP','ALL','null','XX4EMC','LIGHTING'),('RAIN SENSITIVE','w,w/o','null','XX4オートライト,レインセンサ','GLASSES'),('RAISED BRAKE LIGHT','ALL','null','XX4EMC','LIGHTING'),('REAR  LAMP','ALL','null','XX4EMC','LIGHTING'),('REAR AEB','null','null','XQ3AD','ADAS SAFETY'),('REAR CAMERA','w','null','XX4GN1ラジオノイズ','ADAS PARKING'),('REAR CNTER SEAT BELT','ALL','null','XX4EMC','SEAT BELT'),('REAR DOOR OPENING','ALL','null','XX4EMC','OPENING'),('REAR DOOR WINDOW OPENING','ALL','null','XX4EMC','WINDOW OPENING'),('REAR DOOR WINDOW OPENING2','POWERED REAR WINDOW LIFT ✚ TIMER,POWERED REAR WINDOW LIFT','null','XX4スイッチ','WINDOW OPENING'),('Rear Fog','LED,Bulb,w/o','null','XX4BCM','LIGHTING'),('REAR FOG LAMP\nリアフォグランプ','null','null','XR6視界','LIGHTING'),('REAR FOG LAMP','w,ALL','null','XX4GN1ラジオノイズ,XX4WH,XX4EMC','LIGHTING'),('REAR GATE OPENING','ALL','null','XX4EMC','OPENING'),('REAR LIGHT\nリアライト\nリアコンビランプ','null','null','XR6視界','LIGHTING'),('REAR LIGHT','ALL','null','XX4EMC','LIGHTING'),('REAR SCREEN','DEFOGGER','null','XX4EMC','GLASSES'),('REAR SCREEN SF','DEFOGGER','null','XX4EMC','GLASSES'),('REAR SCREEN WIPER','ALL','null','XX4EMC','GLASSES'),('REAR SEAT','ALL','null','XR2車体信頼','2ND ROW SEAT'),('REAR SEAT ALERT','ALL','null','XR6乗員判別,XX4EMC','2ND ROW SEAT'),('REAR SEAT BELT PRETENSIONER','ALL','null','XX4EMC','SEAT BELT'),('REAR SEATS BELT','ALL','null','XX4EMC','SEAT BELT'),('REAR SPOILER','w,w/o','null','XR6内外装','UNKNOW_device'),('REAR TOWING DEVICE','ｗ','null','XR2車体信頼','UNKNOW_device'),('REAR VIDEO SCREENS','ALL','null','XX4EMC','AUDIO & NAVIGATION'),('REAR VIEW CAMERA','ALL','null','XX4EMC,XM6camera','ADAS PARKING'),('REAR VIEW MONITOR\n（RVM）','ALL','null','XR6視界','ADAS PARKING'),('REAR WINDOW','W/ TIMER','null','XX4EMC','GLASSES'),('REAR WINDOW OPENING SYSTE','ALL','null','XX4EMC','WINDOW OPENING'),('REAR WINDOW WIPER','ALL','null','XX4EMC','GLASSES'),('REAR WIPERS\nリアワイパー','null','null','XR6視界','GLASSES'),('REGENERATIVE BRAKE FOR EV','ALL','null','XX4EMC','UNKNOW_device'),('REGENERATIVE BRAKING TYPE','ALL','null','XX4EMC','UNKNOW_device'),('REMOTE ENGINE STARTER','w,w/o','null','XX4BCM,XX4GN1ラジオノイズ','UNKNOW_device'),('REMOTE ENGINE STARTER (STAND ALONE)','ALL','null','XX4EMC','UNKNOW_device'),('REMOTE ENGINE STARTER WITH KEY','ALL','null','XX4EMC','UNKNOW_device'),('REMOTE PARKING','w,w/o,ALL','null','XX4BCM,XX4EMC','ADAS PARKING'),('RES','ｗ','null','XP4EVシステム','UNKNOW_device'),('REVERSIBLE CHARGER','VEHICLE TO LOAD (V2L) OUTSIDE','null','XX4NH電動車,XX4EMC','CHARGER'),('RLS(Rain Light Sensor)','w,w/o','null','XX4オートライト,レインセンサ','LIGHTING'),('ROD ANTENNA','w','null','XX4GN1ラジオノイズ','AUDIO & NAVIGATION'),('ROOF','ALL','null','XQ4実車','OPENING'),('ROOF / SUNROOF','ALL,Sun Roof,Glass Roof,Normal Roof','null','XX4EMC,XR6乗員判定','OPENING'),('ROOF OPENING','Sun Roof,Glass Roof,Normal Roof','null','XR2車体信頼','OPENING'),('Roof rack','null','null','XR5風音','UNKNOW_device'),('Roof rail','w,w/o','null','XR5風音,XR6内外装','UNKNOW_device'),('ROOF RAIL AND CROSS BAR','ｗ','null','XR2車体信頼','UNKNOW_device'),('ROOM MIRROR','ALL','null','XX4EMC,XQ4実車','REAR VIEW MIRROR / CAMERA'),('ROOM MIRROR / REAR VISIBILITY','ALL','null','XX4EMC,XQ4車体','REAR VIEW MIRROR / CAMERA'),('ROOM MIRROR－AUTO DIMMING','w','null','XX4GN1ラジオノイズ','REAR VIEW MIRROR / CAMERA'),('ROOM MIRROR－SMART REAR VIEW MIRROR','w','null','XX4GN1ラジオノイズ','REAR VIEW MIRROR / CAMERA'),('RR BMPR-type','ALL','null','XR6内外装','UNKNOW_device'),('RR BRAKE UNIT','null','null','XR2コントロール','BRAKING'),('RR CAMERA','w,w/o','null','XL7外装,XR6内外装','ADAS PARKING'),('RR FOG LAMP','W','null','XL7外装','LIGHTING'),('Rr Heater Seat','with','null','XR5空調','2ND ROW SEAT'),('RR POWER SLIDE  DOOR ','Ｗ','null','XX4WH','UNKNOW_device'),('RR SEAT HEATER','Ｗ','null','XX4WH','2ND ROW SEAT'),('RR SEAT HEATER AND COOLER','Ｗ','null','XX4WH','2ND ROW SEAT'),('RR SIDE RADAR','null','null','XL7外装','ADAS PARKING'),('RR SONAR','null','null','XL7外装','ADAS PARKING'),('RR SPOILER','null','null','XL7外装','UNKNOW_device'),('RR SUSP形式違い','ALL','null','XQ5保安防災','UNKNOW_device'),('Rr 空調シート(Heater ＋ Cooler Seat)','with','null','XR5空調','2ND ROW SEAT'),('RVI CRUISE CONTROL','ALL','null','XX4EMC','UNKNOW_device'),('SAFETY ACCESS FUNCTIONS','ALL','null','XX4EMC','ACCESS'),('Safety Driving','ACC,ICC,AD1,AD1e,AD1+Navilink,AD1e+Navilink','null','XX4AD','ADAS COMFORT'),('SCENE RECORDER','ALL','null','XX4EMC','ADAS SAFETY'),('Seat adjustment','メモリーあり,メモリーなし','null','XX4BCM','DRIVER SEAT'),('SEAT BELT NOT SECURED WAR','ALL','null','XX4EMC','SEAT BELT'),('SEAT BELT REMINDER','ALL','null','XX4EMC','SEAT BELT'),('SEAT HEATER','w,w/o','null','XX4GN1ラジオノイズ,XR6乗員判別','DRIVER SEAT'),('SEAT HEATER AND COOLER','ALL','null','XX4EMC','UNKNOW_device'),('SEAT HEATING','ALL','null','XX4EMC','DRIVER SEAT'),('SEAT LINING','ALL','null','XR6乗員判別,XQ4実車','TRIM'),('SEAT LINING.','PUBLIC,SYNTHETIC LEATHER A,SYNTHETIC LEATHER B,SYNTHETIC LEATHER C','null','XR6シートベルト','TRIM'),('SEAT TYPE','手動、自動','null','XQ5保安防災','DRIVER SEAT'),('SETTINGS OF COMBI METER','ALL','null','XX4EMC,XR6シートベルト','COMBI METER'),('SHARK FIN ANTENNA','w','null','XX4GN1ラジオノイズ','AUDIO & NAVIGATION'),('SIDE AIRBAG','ALL','null','XX4EMC','AIRBAGS'),('SIDE CURTAIN AIRBAG','ALL','null','XX4EMC','AIRBAGS'),('SIDE LIGHTS','ALL','null','XX4EMC','LIGHTING'),('SIDE MARKER LAMP','ALL','前後フェンダーの標識ランプ','XX4EMC','LIGHTING'),('SIDE TURN SIGNAL','ALL','null','XX4EMC','LIGHTING'),('Side visor','null','null','XR5風音','UNKNOW_device'),('SIZE OF COMBI METER SCREEN','ALL,14.3\" DISPLAY','null','XX4EMC,XM6メータ,XR6シートベルト','COMBI METER'),('SMART REAR VIEW MIRROR','ALL','null','XX4WH','REAR VIEW MIRROR / CAMERA'),('SOCKET ACCESSORY','ALL','null','XX4EMC','AMENITY'),('SONER','ALL','null','XX4EMC','ADAS PARKING'),('sound bubble','ALL','null','XM6音質','SOUND BUBBLE'),('SP1','2phm,4ohm','null','XM6音質','UNKNOW_device'),('SP2','Bose,Klipsch,Panasonic,6SP,4SP,2SP','null','XM6音質','UNKNOW_device'),('SPARE WHEEL','w','null','XR2車体信頼','SPARE WHEEL'),('SPEAKER','ALL','null','XM6音質','SPEAKERS'),('SPEED CUT','ALL','null','XX4EMC','UNKNOW_device'),('SPEED LIMITER','ALL','null','XX4EMC','ADAS COMFORT'),('SPEED METER UNIT','ALL','null','XX4EMC','COMBI METER'),('Speed sensing lock','w,w/o','null','XX4BCM','ACCESS'),('SRVM','null','null','XR6視界,XX4SC,XM6camera,XM6アンテナ','REAR VIEW MIRROR / CAMERA'),('Start Engine  type','I-key,CKC','null','XX4BCM','PHYSICAL SWITCHES'),('STATIONARY HEATER','ALL','null','XX4EMC','UNKNOW_device'),('STEERING','ELECTRIC POWERED','null','XX4EMC','STEERING'),('STEERING SWITCH','ALL','null','null','STEERING'),('STEERING SWITCHES','ALL','null','XX4EMC','STEERING'),('STEERING WHEEL','ALL','null','XQ4実車','STEERING'),('STEERING WHEEL ADJUSTMENT','ALL','null','XX4EMC,XQ4車体','STEERING'),('STEERING WHEEL HEATER','ALL','null','XX4EMC,XX4WH','STEERING'),('STRG Heater','w,w/o','null','XR5空調,XX4AD','STEERING'),('SUN VISOR LED LIGHT','w,w/o','null','XR6内外装','SUN VISOR'),('SUNROOF','null','null','XR3ドアクロ,XR5風音,XQ5保安防災,XX4ALARM,XX4BCM,XX4WH,XR6乗員判別','OPENING'),('Sunroof visor','null','null','XR5風音','UNKNOW_device'),('Sunshade','E-sunshade,basic,w/o','null','XX4BCM','OPENING'),('SUSPENSION CONTROL','null','null','XJBVDC','UNKNOW_device'),('SUSPENSION CONTROL VARIABLE DAMPING','w,w/o','null','XX4PT,XX4EMC','UNKNOW_device'),('SUSPENSION TYPE','ALL','null','XQ5車両信頼性,XJBVDC','UNKNOW_device'),('TAILGATE/TRUNK OPENING\nPOWER OPEN/CLOSE','w','null','XX4PBD','OPENING'),('TAILGATE/TRUNK OPENING','ALL','null','XX4EMC','OPENING'),('TAILGATE/TRUNK OPENING POWER OPEN/CLOSE','w,w/o','null','XX4GN1ラジオノイズ,XX4WH,XR3ドアクロ','OPENING'),('TAILGATE/TRUNK OPENING POWER OPEN/CLOSE ✚ HANDS FREE','w,w/o','null','XX4GN1ラジオノイズ,XX4WH,XR3ドアクロ','OPENING'),('TELEMATIC','w,w/o','null','XX4GN1ラジオノイズ','UNKNOW_device'),('TELEMATIC DOORS LOCK','ALL','null','XX4EMC','UNKNOW_device'),('TELEMATIC SYSTEM HYPOTHES','ALL','null','XX4EMC','UNKNOW_device'),('TELEMATICS\n(EMERGENCY CALL SW)','ALL','null','XX4EMC','UNKNOW_device'),('TIRE','null','null','XJBVDC,XX4ALARM,XQ2操安','TIRES'),('TIRE PRESSURE MONITOR','ALL','null','XX4EMC','TIRES'),('TIRE PRESSURE MONITORING SYSTEM (TPMS)','ALL','null','XX4EMC','TIRES'),('TIRE SIZE','null','null','XQ5保安防災','TIRES'),('TIRE TYPE','null','null','null','TIRES'),('Touch Sensor  (I-key)','w,w/o','null','XX4BCM','ACCESS'),('TOWING CAPACITY','最大仕様','null','XQE電動車,XR2車体信頼','UNKNOW_device'),('TRACTION CONTROL SYSTEM','ALL','null','XX4EMC','UNKNOW_device'),('TRAFFIC SIGN RECOGNITION','ALL','null','XX4EMC','ADAS SAFETY'),('TRAFFIC SIGN RECOGNITION (TSR)','null','null','XQ3AD','ADAS SAFETY'),('TRAFFIC SIGN RECOGNITION / SPEED LIMITATION INFORMATION','ALL','null','XX4EMC','ADAS SAFETY'),('TRUNK','POWER OPEN/CLOSE','null','XX4PTL','UNKNOW_device'),('TSA','w','null','XQ2VDC','UNKNOW_device'),('TURN SIGNAL','ALL','null','XX4EMC','LIGHTING'),('TURN SIGNAL LAMP','ALL','null','XX4EMC','LIGHTING'),('TYPE OF COMBI METER','ALL,FULL TFT','null','XX4EMC,XR6シートベルト','COMBI METER'),('TYPE OF CONTROL','ALL','null','XX4EMC','UNKNOW_device'),('TYPE OF DOOR-OPENER REMOT','ALL','null','XX4EMC','WINDOW OPENING'),('TYPE OF DRIVER SEAT ADJUS','ALL','null','XX4EMC','DRIVER SEAT'),('TYPE OF HEAD UNIT HARDWARE & CCS SF','ALL','null','XX4EMC','AUDIO & NAVIGATION'),('TYPE OF PARK BRAKE','ALL','null','XX4EMC','PARKING BRAKE'),('TYPE OF TIRES FR','ALL','null','XR2車体信頼','TIRES'),('TYPE OF TIRES RR','ALL','null','XR2車体信頼','TIRES'),('TYPES OF RADIOS','DA,NAVI,GAS NAVI,ALL','null','XX4CANGateway,XX4EMC','AUDIO & NAVIGATION'),('UNIVERSAL GARAGE DOOR OPE','ALL','null','XX4EMC','OTHER'),('UNIVERSAL GARAGE DOOR OPENER','w,w/o','null','XX4GN1ラジオノイズ','OTHER'),('USB AND POWER SUPPLY','w_1500W,wo_1500W','null','XX4NH電動車BATTERY HEATING','AMENITY'),('USB AND POWER SUPPLY 2ND ROW','ALL','null','XX4EMC','AMENITY'),('USB AND POWER SUPPLY 3RD ROW','ALL','null','XX4EMC','AMENITY'),('USB AND POWER SUPPLY FR','ALL','null','XX4EMC','AMENITY'),('USB AND POWER SUPPLY LUGGAGE','ALL','null','XX4EMC','AMENITY'),('VDC','ALL','null','XX4EMC','BRAKING'),('VDC(ﾋﾞｰｸﾙ ﾀﾞｲﾅﾐｸｽ ｺﾝﾄﾛｰﾙ)','null','null','XQ4機構','BRAKING'),('VEHICLE DYNAMICS CONTROL','ALL','null','XX4EMC','UNKNOW_device'),('VEHICLE TO LOAD (V2L) OUTSIDE','w','null','XP4充電','CHARGER'),('Ventilated(Heater&Cooler) Seat','w,w/o','null','XR6乗員判別','DRIVER SEAT'),('VIDEO SCREENS','ALL','null','XX4EMC','AUDIO & NAVIGATION'),('VOICE VEHICLE CONTROL','ALL','null','XX4EMC','HMI'),('VR','w,w/o','VOICE RECOGNITION ','XX4BCM','STEERING'),('WELCOME & GOODBYE SEQUENCE','ALL','null','XX4EMC','UNKNOW_device'),('Wheel Cover','with & 全種類','null','XR2シャシー','WHEELS & WHEEL COVERS'),('WHEEL COVERS-size','ALL','null','XR6内外装','WHEELS & WHEEL COVERS'),('WHEEL TYPE,SIZE','ALL','null','XQ4実車','WHEELS & WHEEL COVERS'),('Wheelサイズ','ALL','null','XR2シャシー,XQ4車体','WHEELS & WHEEL COVERS'),('Wheel材質','AL Wheel,Steel Wheel','null','XR2シャシー,XQ4車体','WHEELS & WHEEL COVERS'),('WINDOWS COLOUR',' WIPER DE-ICER','null','XX4EMC','GLASSES'),('WINDSCREEN',' WIPER DE-ICER,HEATING WINDSCREEN','null','XX4EMC','GLASSES'),('WINDSCREEN HEATER','ALL','null','XX4EMC','GLASSES'),('WINDSCREEN WIPERS\nフロントワイパー','null','null','XR6視界','GLASSES'),('WINDSCREEN WIPERS','ALL','null','XX4EMC','GLASSES'),('WIPER DEICER','Ｗ','null','XX4WH','GLASSES'),('WIRELESS PHONE CHARGE','ALL','null','XX4EMC','AMENITY'),('WITH TIMER CHARGER','ALL','null','XX4EMC','UNKNOW_device'),('ZONES OF AMBIENT LIGHTING','ALL','null','XX4EMC','AMBIENT LIGHTING'),('アンダーカバー','null','null','XQ5保安防災','UNKNOW_device'),('ウィンドシールド取付構造','null','null','XR8XTF','UNKNOW_device'),('ウィンドシールド形状','null','null','XR8XTF','UNKNOW_device'),('ウインチ','null','winch','XQA商品性','UNKNOW_device'),('エアバッグシステム','null','null','XR8XTF','UNKNOW_device'),('エネルギー\n吸収材仕様','null','null','XR8XTF','UNKNOW_device'),('エンジンフード形状','null','null','XR8XTF','UNKNOW_device'),('オットマン','ｗ','null','XL4シート','DRIVER SEAT'),('キャニスタ ORVR 追加','null','null','XQ5保安防災','UNKNOW_device'),('ギアシフト','Shift by wire,コラムシフト','null','XX4BCM','GEAR SHIFT'),('グリルシャッター','null','null','XQ5保安防災','UNKNOW_device'),('コラムEPS','null','null','XQ4機構','UNKNOW_device'),('コーナリングランプ','null','null','XR6視界','LIGHTING'),('サスペンション','ALL','null','XX4ALARM','UNKNOW_device'),('サンルーフ','w','null','XD2材料','OPENING'),('シル構造','null','null','XR8XTF','UNKNOW_device'),('シートベルトアンカ位置','null','null','XR8XTF','UNKNOW_device'),('シート材質','Cloth,Leather','null','XR3シート,XX4ALARM,XD2材料','TRIM'),('シート機構','8WP,6WM,4WP,4WM','null','XL4シート','DRIVER SEAT'),('スポーツシート','null','null','XR3シート','DRIVER SEAT'),('スライドシート','null','null','XR3シート','DRIVER SEAT'),('センターピラー構造','null','null','XR8XTF','UNKNOW_device'),('トーイング','null','towing','XQA商品性,XQ2操安','UNKNOW_device'),('バッテリクーラ','w','null','XP4充電','UNKNOW_device'),('バッテリヒータ','w','null','XP4充電','UNKNOW_device'),('バッテリー','AFD,HE','null','XX4ALARM','UNKNOW_device'),('バンパ仕様','null','null','XR8XTF','UNKNOW_device'),('フィラーチューブ','null','null','XR8XTF','UNKNOW_device'),('フューエルタンクの取り付け方式','null','null','XR8XTF','UNKNOW_device'),('フューエルタンクの材質','null','null','XR8XTF','UNKNOW_device'),('フューエルタンク形状','null','null','XR8XTF','UNKNOW_device'),('フューエルタンク搭載位置','null','null','XR8XTF','UNKNOW_device'),('フロントサイドマーカ','null','null','XR6視界','LIGHTING'),('フロントサイドメンバ構造','null','null','XR8XTF','UNKNOW_device'),('フロントピラー構造','null','null','XR8XTF','UNKNOW_device'),('フロントフェンダ外形','null','null','XR8XTF','UNKNOW_device'),('フードヒンジ構造','null','null','XR8XTF','UNKNOW_device'),('プロパイロット','null','AD1,AD2','XQA商品性','ADAS COMFORT'),('プロパイロットパーク','null','null','XQA商品性','ADAS PARKING'),('ヘッドランプウオッシャー\n（HLC)','null','null','XR6視界','LIGHTING'),('ヘッドランプ外形','null','null','XR8XTF','UNKNOW_device'),('マニュアルトランスミッション','null','null','XQA商品性','UNKNOW_device'),('リアアンダーミラー','null','null','XR6視界','REAR VIEW MIRROR / CAMERA'),('リアカメラウオッシャー','null','null','XR6視界','REAR VIEW MIRROR / CAMERA'),('リア・サイド・メンバー / リア・サイド・フレームの形状','null','null','XR8XTF','UNKNOW_device'),('リヤサイドマーカー','null','null','XR6視界','LIGHTING'),('ルーフサイド構造','null','null','XR8XTF','UNKNOW_device'),('ワイパーデアイサー','null','ワイパーの部分の電熱線が温まり、凍っていたワイパーが動くようになる','XR6視界','GLASSES'),('ワイパ外形','null','null','XR8XTF','UNKNOW_device'),('三相(AC3)','AC3','null','XX4HF-VR-ETC','CHARGER'),('乗員H.P.','null','null','XR8XTF','UNKNOW_device'),('内装違い','null','null','XQ5保安防災','UNKNOW_device'),('冷却仕様','ALL','null','XR5冷熱','UNKNOW_device'),('前席ELR仕様','LLA,LLD,PSB','Emergency Locking Retractorチャイルドシート用','XR6シートベルト','SEAT BELT'),('助手席SEN仕様','歪み式,静電容量式,簡易マット式','null','XR6シートベルト','ASSIST SEAT'),('単相(AC1)','AC1','null','XX4HF-VR-ETC','CHARGER'),('外装イルミランプ','Coutesy lamp,Puddle lamp,w/o','ドアの開閉に伴って点灯・消灯し、乗降者の足元を照らす','XX4BCM','LIGHTING'),('外装違い\nナロー/ワイド、2/3ROW','null','null','XQ5保安防災','UNKNOW_device'),('姿勢違い','null','null','XQ5保安防災','UNKNOW_device'),('強電BAT MD/Cell違い','null','null','XQ5保安防災','UNKNOW_device'),('強電BAT 容量違い','null','null','XQ5保安防災','UNKNOW_device'),('後席ODS仕様','with,without','null','XR6シートベルト','2ND ROW SEAT'),('後席シートスライド','with,without','null','XR6シートベルト','2ND ROW SEAT'),('後席シートリクライニング','with,without','null','XR6シートベルト','2ND ROW SEAT'),('後席プリテン装備','with,without','null','XR6シートベルト','SEAT BELT'),('後輪懸架装置','null','null','XR8XTF','UNKNOW_device'),('油圧PS(パワステ)','w','null','XQ4機構,XR5冷熱','STEERING'),('燃料供給方式','null','null','XR8XTF','UNKNOW_device'),('燃料系部品取り付け構造','null','null','XR8XTF','UNKNOW_device'),('燃料配管','null','null','XR8XTF','UNKNOW_device'),('直前直左鏡','null','サイドアンダーミラー','XR6視界','SIDE VIEW MIRROR / CAMERA'),('空調シート','w','null','XR3シート,XL4シート','DRIVER SEAT'),('足元ランプ（ミラー付け）','null','null','XR6視界','LIGHTING'),('跳ね上げフード','with,without','null','XR6歩行者保護','UNKNOW_device'),('車体色','黒若しくはダーク色','null','XD2材料','UNKNOW_device'),('通常のグリップ型アウトサイドハンドル、マニュアルヒドゥンハンドル','null','null','XX4Flush','ACCESS'),('金属製フットレスト','null','null','XR2コントロール','PEDALS AND FOOT-REST'),('電動格納式フラッシュアウトサイドハンドル付','null','null','XX4Flush','ACCESS'),('電装OPT','Full OPT,OPT無し','null','XX4AIO','UNKNOW_device'),('ＳＴＲＧ固定式パドル','null','null','XR2コントロール','STEERING');
/*!40000 ALTER TABLE `device_details` ENABLE KEYS */;
UNLOCK TABLES;

--
-- Table structure for table `information_project`
--

DROP TABLE IF EXISTS `information_project`;
/*!40101 SET @saved_cs_client     = @@character_set_client */;
/*!50503 SET character_set_client = utf8mb4 */;
CREATE TABLE `information_project` (
  `parameter_name` varchar(45) NOT NULL,
  `keyword` varchar(45) DEFAULT NULL,
  `group_infor` varchar(45) DEFAULT NULL,
  `auto_infor` varchar(45) DEFAULT NULL,
  PRIMARY KEY (`parameter_name`)
) ENGINE=InnoDB DEFAULT CHARSET=utf8;
/*!40101 SET character_set_client = @saved_cs_client */;

--
-- Dumping data for table `information_project`
--

LOCK TABLES `information_project` WRITE;
/*!40000 ALTER TABLE `information_project` DISABLE KEYS */;
INSERT INTO `information_project` VALUES ('AXLE',NULL,NULL,NULL),('BODY',NULL,NULL,NULL),('CCM',NULL,'XQA商品性',NULL),('ENGINE','KH1T','XX4PT',NULL),('GRADE',NULL,NULL,NULL),('HANDLE',NULL,NULL,NULL),('INTAKE','BATTERY (MIDDLE),DIESEL,FFV,HEV/E-PWR,','XX4NH電動車,XX4PT','FFV:Flexible-fuel vehicle混合燃料車'),('NUMBER',NULL,NULL,NULL),('SEAT',NULL,NULL,NULL),('TRANS','CVT,7AT/9AT,DCT,ATM (for EV)','XX4PT,XX4AD',NULL),('YEAR',NULL,NULL,NULL),('ZONE',NULL,NULL,NULL);
/*!40000 ALTER TABLE `information_project` ENABLE KEYS */;
UNLOCK TABLES;

--
-- Table structure for table `lot`
--

DROP TABLE IF EXISTS `lot`;
/*!40101 SET @saved_cs_client     = @@character_set_client */;
/*!50503 SET character_set_client = utf8mb4 */;
CREATE TABLE `lot` (
  `lot_id` int(11) NOT NULL,
  `lot_name` varchar(45) DEFAULT NULL,
  PRIMARY KEY (`lot_id`),
  UNIQUE KEY `lot_name_UNIQUE` (`lot_name`)
) ENGINE=InnoDB DEFAULT CHARSET=utf8;
/*!40101 SET character_set_client = @saved_cs_client */;

--
-- Dumping data for table `lot`
--

LOCK TABLES `lot` WRITE;
/*!40000 ALTER TABLE `lot` DISABLE KEYS */;
INSERT INTO `lot` VALUES (2,'DC-lot'),(1,'DS-lot'),(3,'PFC-lot');
/*!40000 ALTER TABLE `lot` ENABLE KEYS */;
UNLOCK TABLES;

--
-- Table structure for table `project`
--

DROP TABLE IF EXISTS `project`;
/*!40101 SET @saved_cs_client     = @@character_set_client */;
/*!50503 SET character_set_client = utf8mb4 */;
CREATE TABLE `project` (
  `project_id` int(11) NOT NULL,
  `project_name` varchar(45) DEFAULT NULL,
  PRIMARY KEY (`project_id`)
) ENGINE=InnoDB DEFAULT CHARSET=utf8;
/*!40101 SET character_set_client = @saved_cs_client */;

--
-- Dumping data for table `project`
--

LOCK TABLES `project` WRITE;
/*!40000 ALTER TABLE `project` DISABLE KEYS */;
INSERT INTO `project` VALUES (1,'WZ1J');
/*!40000 ALTER TABLE `project` ENABLE KEYS */;
UNLOCK TABLES;

--
-- Table structure for table `project_device_comment`
--

DROP TABLE IF EXISTS `project_device_comment`;
/*!40101 SET @saved_cs_client     = @@character_set_client */;
/*!50503 SET character_set_client = utf8mb4 */;
CREATE TABLE `project_device_comment` (
  `project_id` int(11) NOT NULL,
  `device_details_name` varchar(255) NOT NULL,
  `comment_id` int(11) NOT NULL,
  `comment` varchar(500) DEFAULT NULL,
  PRIMARY KEY (`project_id`,`device_details_name`,`comment_id`),
  KEY `fk_project_device_comment_comment1_idx` (`comment_id`),
  KEY `fk_project_device_comment_project1_idx` (`project_id`),
  KEY `fk_project_device_comment_device_details1_idx` (`device_details_name`),
  CONSTRAINT `fk_project_device_comment_comment1` FOREIGN KEY (`comment_id`) REFERENCES `comment` (`comment_id`),
  CONSTRAINT `fk_project_device_comment_device_details1` FOREIGN KEY (`device_details_name`) REFERENCES `device_details` (`device_details_name`),
  CONSTRAINT `fk_project_device_comment_project1` FOREIGN KEY (`project_id`) REFERENCES `project` (`project_id`)
) ENGINE=InnoDB DEFAULT CHARSET=utf8;
/*!40101 SET character_set_client = @saved_cs_client */;

--
-- Dumping data for table `project_device_comment`
--

LOCK TABLES `project_device_comment` WRITE;
/*!40000 ALTER TABLE `project_device_comment` DISABLE KEYS */;
INSERT INTO `project_device_comment` VALUES (1,'2nd row armrest',2,'CENTER ARMREST'),(1,'2ND ROW SEAT COMFORT FEATURE',2,'S:CENTER ARMREST'),(1,'2ND ROW SEAT HEATER AND COOLER',2,'S:HEATED SEAT'),(1,'2ND ROW SEAT TYPE AND ADJUSTMENT',2,'S:BENCH FIXED / NO ADJUSTMENT ✚ MANUAL 40:60 & RECLINING ✚ SINGLE FOLDING'),(1,'3RD BRAKE LIGHT / HIGH MOUNT STOP LAMP',2,'S:LED 3RD BRAKE LAMP'),(1,'AD',1,'ACCS3'),(1,'AD(AUTONOMOUS DRIVING)',1,'ACCS3'),(1,'AIR CONDITIONING AND HEATING SYSTEM',2,'S:DUAL ZONE AUTO A/C'),(1,'AIR CONDITIONING AND HEATING TYPE',2,'S:DUAL ZONE AUTO A/C'),(1,'AIR CONTIONING AND HEATIN',2,'S:DUAL ZONE AUTO A/C'),(1,'AIR TREATMENT',2,'S:POLLEN/PARTICLE FILTER'),(1,'ALS(Auto Light Sensor)',2,'LED LB ✚ LED HB ✚ AUTO LIGHT (ALS) ✚ LED SIGNATURE ✚ DELAY TIMER ✚ HIGH BEAM ASSIST (HBA)'),(1,'ANC',2,'S:ANC - ROAD'),(1,'ANC (ACTIVE NOISE CANCELLATION)',2,'S:ANC - ROAD'),(1,'ANTENNA',2,'SHARK FIN'),(1,'ANTI-LOCK BRAKING SYSTEM',2,'S:ANTI-LOCK BRAKING SYSTEM (ABS) ✚ HILL START ASSIST (HSA) ✚ VEHICLE DYNAMICS CONTROL (VDC)'),(1,'AROUND VIEW MONITOR\n（AVM）',1,'ACCS3'),(1,'AROUND VIEW MONITOR\n（AVM）',2,'S:3D FIXED VIEW AROUND VIEW MONITOR DIGITAL (AVM)'),(1,'AROUND VIEW MONITOR',1,'ACCS3'),(1,'AROUND VIEW MONITOR',2,'S:3D FIXED VIEW AROUND VIEW MONITOR DIGITAL (AVM)'),(1,'AS SEAT COMFORT FEATURE',2,'S:POWER 4 WAY LUMBAR ✚ MASSAGE STANDARD'),(1,'AS SEAT HEATER AND COOLER',2,'S1:HEATED SEAT'),(1,'AS SEAT TYPE AND ADJUSTMENT',2,'S1:STANDARD SEAT ✚ POWER 8 WAY: SLIDING & RECLINING & HEIGHT & TILT'),(1,'AUDIO',2,'S:AIVI2 EVO GAS NAVI 14.3”​ ✚ CCS2 EVO 5G'),(1,'AUDIO & NAVIGATION',2,'S:AIVI2 EVO GAS NAVI 14.3”​ ✚ CCS2 EVO 5G'),(1,'AUDIO & NAVIGATION / TYPES OF RADIOS',2,'S:AIVI2 EVO GAS NAVI 14.3”​ ✚ CCS2 EVO 5G'),(1,'Auto light',2,'S：LED LB ✚ LED HB ✚ AUTO LIGHT (ALS) ✚ LED SIGNATURE ✚ DELAY TIMER ✚ HIGH BEAM ASSIST (HBA)'),(1,'AUTO LIGHT (ALS)',2,'LED LB ✚ LED HB ✚ AUTO LIGHT (ALS) ✚ LED SIGNATURE ✚ DELAY TIMER ✚ HIGH BEAM ASSIST (HBA)'),(1,'AUTOMATIC EMERGENCY BRAKING SYSTEM  (AEBS)',1,'CLAS2'),(1,'AUTOMATIC EMERGENCY BRAKING SYSTEM  (AEBS)',2,'S1:AEB ALL SPEED ✚ PEDESTRIAN + CYCLIST + POWERED 2 WHEELS ✚ REAR AEB WITH RCTA'),(1,'AUTONOMOUS DRIVING',1,'ACCS3'),(1,'AUTONOMOUS DRIVING SF',1,'ACCS3'),(1,'AUTONOMOUS DRIVING SF',2,'AD2 ✚ INFORMATION SUPPORT LIGHT AD LINK'),(1,'AUTONOMOUS EMERGENCY STEERING',2,'S:EMERGENCY STEERING ASSIST/SUPPORT (ESA/ESS)'),(1,'AUTONOMOUS EMERGENCY STEERING (AES)',2,'S:EMERGENCY STEERING ASSIST/SUPPORT (ESA/ESS)'),(1,'BLIND SPOT DETECTION',2,'S:BLIND SPOT WARNING (BSW) ✚ BLIND SPOT INTERVENTION (BSI) ✚ LANE DEPARTURE WARNING (LDW) ✚ LANE DEPARTURE PREVENTION (LDP) ✚ LANE KEEPING ASSIST (LKA) ✚ EMERGENCY LANE KEEPING ASSIST (E-LKA) ROAD EDGE + ONCOMING'),(1,'Brake lamp',2,'S:LED REAR LAMP ✚ LED BRAKE LAMP'),(1,'BRAKING ASSISTANCE',2,'S:EMERGENCY BRAKE ASSIST (EBA / BA)'),(1,'CCS2',2,'AIVI2 EVO GAS NAVI 14.3”​ ✚ CCS2 EVO 5G'),(1,'Central door locking',2,'S:CENTRAL DOOR LOCKING ✚ SPEED SENSING LOCK = AUTO LOCK WITH SPEED ✚ REAR DOOR CHILD LOCK (MANUAL/MECHANICAL)'),(1,'CITY ✚ REAR CROSS TRAFFIC ALERT (RCTA)',1,'CLAS2'),(1,'CITY ✚ REAR CROSS TRAFFIC ALERT (RCTA)',2,'AEB ALL SPEED ✚ PEDESTRIAN + CYCLIST + POWERED 2 WHEELS ✚ JUNCTION ASSIST ✚ REAR AEB WITH RCTA'),(1,'COMBI METER',2,'FULL TFT'),(1,'COMBINATION SWITCH',1,'ACCS3'),(1,'COMBINATION SWITCH',2,'S1:VOICE RECOGNITION (VR) SWITCH ✚ ADAPTIVE CRUISE CONTROL (ACC/ICC) SWITCH ✚ PHONE SWITCH ✚ AUDIO SWITCH ✚ AUTONOMOUS DRIVING SWITCH FOR AD1 ✚ SCROLLING OF COMBI METER SCREEN SWITCH ✚ SCROLLING OF CENTRAL SCREEN SWITCH ✚ CAPACITIVE TYPE WITH TOUCH PAD'),(1,'DAYTIME RUNNING LIGHTS',2,'LED DRL'),(1,'DOOR SAFETY',2,'S:CENTRAL DOOR LOCKING ✚ SPEED SENSING LOCK = AUTO LOCK WITH SPEED ✚ REAR DOOR CHILD LOCK (MANUAL/MECHANICAL)'),(1,'DR SEAT COMFORT FEATURE',2,'S1:POWER 4 WAY LUMBAR'),(1,'DR SEAT HEATER AND COOLER',2,'S1:HEATED SEAT'),(1,'DR SEAT TYPE AND ADJUSTMENT',2,'S1:STANDARD SEAT ✚ POWER 8 WAY: SLIDING & RECLINING & HEIGHT & TILT'),(1,'DRIVE EVENT RECORDER',2,'S:FRONT SCENE RECORDER DIGITAL ✚ REAR SCENE RECORDER DIGITAL'),(1,'DRIVER MONITORING',2,'S1:DRIVER MONITORING BY STEERING (UTA / WDA / DAA)'),(1,'Driving mode',2,'NEUTRAL / ECO / SPORT / CUSTOM'),(1,'DRIVING MODE 2WD',2,'S:NEUTRAL / ECO / SPORT / CUSTOM'),(1,'DRIVING MODE 4WD',2,'S:NEUTRAL / ECO / SPORT / SNOW / CUSTOM'),(1,'DRIVING MODE CONTROL',2,'S1:NEUTRAL / ECO / SPORT / CUSTOM'),(1,'DYNAMIC TURN INDICATOR',2,'FR LED ✚ RR LED ✚ 3-BLINK TURN SIGNAL ✚ LED ON SIDE MIRRORS'),(1,'EMERGENCY BRAKE ASSIST (EBA / BA)',2,'S:EMERGENCY BRAKE ASSIST (EBA / BA)'),(1,'emergency steering assist/support (esa/ess)',2,'EMERGENCY STEERING ASSIST/SUPPORT (ESA/ESS)'),(1,'ENGINE START / POWER ON',2,'PUSH START ENGINE / POWER ON'),(1,'ENGINE START TYPE',2,'PUSH START ENGINE / POWER ON'),(1,'EXTERIOR REAR VIEW MIRROR',2,'S1:ELEC ADJUSTMENT ✚ ELEC FOLDING ✚ AUTOMATICALLY FOLDING ✚ HEATED'),(1,'FAP（フルオートパーク）',1,'ACCS3'),(1,'FLUSH DOOR HANDLE',2,'New : MANUAL PUSH BUTTON FOR LOCK/UNLOCK ON DRIVER DOOR ONLY   \nDeleted : TOUCH SENSOR FOR LOCK/UNLOCK ON 2 FRONT DOORS   \nNot modified : FLUSH DOOR HANDLE ✚ E-LATCH ✚ EXTERNAL TAILGATE / TRUNK ELECTRIC OPENER'),(1,'Flush handle',2,'New : MANUAL PUSH BUTTON FOR LOCK/UNLOCK ON DRIVER DOOR ONLY   \nDeleted : TOUCH SENSOR FOR LOCK/UNLOCK ON 2 FRONT DOORS   \nNot modified : FLUSH DOOR HANDLE ✚ E-LATCH ✚ EXTERNAL TAILGATE / TRUNK ELECTRIC OPENER'),(1,'FORWARD COLLISION WARNING',2,'S:PREDICTIVE FORWARD COLLISION WARNING (PFCW)'),(1,'FORWARD EMERGENCY BRAKING',2,'AEB ALL SPEED ✚ PEDESTRIAN + CYCLIST + POWERED 2 WHEELS ✚ REAR AEB WITH RCTA'),(1,'FRONT COLLISION WARNING',2,'PREDICTIVE FORWARD COLLISION WARNING (PFCW)'),(1,'FRONT DOOR WINDOW OPENING',2,'S:POWERED FR WINDOW LIFT ✚ AUTO REVERSE ✚ DRIVER & ASSIST ONE TOUCH ✚ TIMER ✚ ALL WINDOW CONTROL PANEL'),(1,'FRONT DOOR WINDOW OPENING2',2,'S:POWERED FR WINDOW LIFT ✚ AUTO REVERSE ✚ DRIVER & ASSIST ONE TOUCH ✚ TIMER ✚ ALL WINDOW CONTROL PANEL'),(1,'FRONT LIGHT\nヘッドランプ',2,'S：LED LB ✚ LED HB ✚ AUTO LIGHT (ALS) ✚ LED SIGNATURE ✚ DELAY TIMER ✚ HIGH BEAM ASSIST (HBA)'),(1,'FRONT LIGHT',2,'S：LED LB ✚ LED HB ✚ AUTO LIGHT (ALS) ✚ LED SIGNATURE ✚ DELAY TIMER ✚ HIGH BEAM ASSIST (HBA)'),(1,'FRONT LIGHT/HEAD LAMP',2,'S：LED LB ✚ LED HB ✚ AUTO LIGHT (ALS) ✚ LED SIGNATURE ✚ DELAY TIMER ✚ HIGH BEAM ASSIST (HBA)'),(1,'FRONT PASSENGER SEAT(S)',2,'S1:STANDARD SEAT ✚ POWER 8 WAY: SLIDING & RECLINING & HEIGHT & TILT'),(1,'FRONT SEATS TYPE',2,'S1:STANDARD SEAT ✚ POWER 8 WAY: SLIDING & RECLINING & HEIGHT & TILT'),(1,'FRONT WINDSCREEN WIPER SP',2,'S1:VARIABLE INTERMITTENT ✚ SPEED SENSITIVE ✚ RAIN SENSITIVE'),(1,'Full FlanK Protection(FKP)',1,'ACCS3'),(1,'GROUND ILLUMINATION',2,'GROUND ILLUMINATION'),(1,'HAND FREE',2,'POWER OPEN/CLOSE ✚ HANDS FREE ✚ AUTO CLOSER'),(1,'HEAD UNIT',2,'S:AIVI2 EVO GAS NAVI 14.3”​ ✚ CCS2 EVO 5G'),(1,'HEAT PUMP',2,'PTC HEATER ✚ HEAT PUMP'),(1,'HEATER FOR EV',2,'PTC HEATER ✚ HEAT PUMP'),(1,'HEATER FOR EV / ADDITIONAL HEATER',2,'S:PTC HEATER ✚ HEAT PUMP'),(1,'I-KEY ',2,'S:2 I-KEYS STANDARD FINISH ✚ APPROACH UNLOCK ALL DIRECTION ✚ WALK AWAY LOCK ✚ PANIC ALARM'),(1,'I-KEY (BADGE)',2,'S:2 I-KEYS STANDARD FINISH ✚ APPROACH UNLOCK ALL DIRECTION ✚ WALK AWAY LOCK ✚ PANIC ALARM'),(1,'Illumination BI',2,'FR:BRAND EMBLEM / LOGO ✚ INFINITI ✚ ILLUMINATED LOGO'),(1,'IN-CAR COMMUNICATION',2,'VISUAL COMMUNICATION'),(1,'Kick Sensor',2,'POWER OPEN/CLOSE ✚ HANDS FREE ✚ AUTO CLOSER'),(1,'LANE KEEP',2,'S:BLIND SPOT WARNING (BSW) ✚ BLIND SPOT INTERVENTION (BSI) ✚ LANE DEPARTURE WARNING (LDW) ✚ LANE DEPARTURE PREVENTION (LDP) ✚ LANE KEEPING ASSIST (LKA) ✚ EMERGENCY LANE KEEPING ASSIST (E-LKA) ROAD EDGE + ONCOMING'),(1,'LATERAL SUPPORT SYSTEM',2,'S:BLIND SPOT WARNING (BSW) ✚ BLIND SPOT INTERVENTION (BSI) ✚ LANE DEPARTURE WARNING (LDW) ✚ LANE DEPARTURE PREVENTION (LDP) ✚ LANE KEEPING ASSIST (LKA) ✚ EMERGENCY LANE KEEPING ASSIST (E-LKA) ROAD EDGE + ONCOMING'),(1,'LED HEADLAMP',2,'S：LED LB ✚ LED HB ✚ AUTO LIGHT (ALS) ✚ LED SIGNATURE ✚ DELAY TIMER ✚ HIGH BEAM ASSIST (HBA)'),(1,'LED REAR LAMP ',2,'S:LED REAR LAMP ✚ LED BRAKE LAMP'),(1,'MASSAGE STANDARD\n(FR seat)',2,'MASSAGE STANDARD ✚ POWER 4 WAY LUMBAR'),(1,'METER UNIT',2,'FULL TFT'),(1,'OCCUPANT MONITORING',2,'S:OCCUPANT MONITORING / CHILD PRESENCE DETECTION INDIRECT'),(1,'OCCUPANT MONITORING / CHILD PRESENCE DETECTION INDIRECT',2,'OCCUPANT MONITORING / CHILD PRESENCE DETECTION INDIRECT'),(1,'OCCUPANTS SAFE EXIT',2,'S:OCCUPANT SAFE EXIT WARNING (OSE) ✚ OCCUPANT SAFE EXIT INTERVENTION (A-OSE)'),(1,'OUTSIDE CAMERA',1,'ACCS3'),(1,'OUTSIDE MIRROR\nアウトサイドミラー',2,'S1:ELEC ADJUSTMENT ✚ ELEC FOLDING ✚ AUTOMATICALLY FOLDING ✚ HEATED'),(1,'OUTSIDE MIRROR',2,'S1:ELEC ADJUSTMENT ✚ ELEC FOLDING ✚ AUTOMATICALLY FOLDING ✚ HEATED'),(1,'OUTSIDE MIRROR ADJUST',2,'S1:ELEC ADJUSTMENT ✚ ELEC FOLDING ✚ AUTOMATICALLY FOLDING ✚ HEATED'),(1,'OUTSIDE MIRROR MEMORY',2,'S1:ELEC ADJUSTMENT ✚ ELEC FOLDING ✚ AUTOMATICALLY FOLDING ✚ HEATED'),(1,'PADDLE Shift',2,'PADDLE SHIFT LEVER'),(1,'Panic Alarm',2,'2 I-KEYS STANDARD FINISH ✚ APPROACH UNLOCK ALL DIRECTION ✚ WALK AWAY LOCK ✚ PANIC ALARM'),(1,'PARK ASSIST',1,'ACCS3'),(1,'PARKING ALERTS',1,'ACCS3'),(1,'PARKING ASSIST SYSTEM',1,'ACCS3'),(1,'PBD',2,'POWER OPEN/CLOSE ✚ AUTO CLOSER'),(1,'Power Back Door(PBD)',2,'POWER OPEN/CLOSE ✚ AUTO CLOSER'),(1,'POWER SEAT',2,'STANDARD SEAT ✚ POWER 8 WAY: SLIDING & RECLINING & HEIGHT & TILT ✚ SEAT MEMORY ON DOOR'),(1,'POWER STEERING',1,'ACCS3'),(1,'POWER STEERING',2,'S1:POWER STEERING'),(1,'PTC Heater',2,'PTC HEATER ✚ HEAT PUMP'),(1,'RAIN SENSITIVE',2,'S1:VARIABLE INTERMITTENT ✚ SPEED SENSITIVE ✚ RAIN SENSITIVE'),(1,'REAR DOOR OPENING',2,'S1:POWER OPEN/CLOSE ✚ AUTO CLOSER'),(1,'REAR DOOR WINDOW OPENING',2,'S:POWERED REAR WINDOW LIFT ✚ REAR ONE TOUCH ✚ AUTO REVERSE ✚ TIMER'),(1,'REAR DOOR WINDOW OPENING2',2,'S:POWERED REAR WINDOW LIFT ✚ REAR ONE TOUCH ✚ AUTO REVERSE ✚ TIMER'),(1,'REAR GATE OPENING',2,'S1:POWER OPEN/CLOSE ✚ AUTO CLOSER'),(1,'REAR LIGHT\nリアライト\nリアコンビランプ',2,'S:LED REAR LAMP ✚ LED BRAKE LAMP'),(1,'REAR LIGHT',2,'S:LED REAR LAMP ✚ LED BRAKE LAMP'),(1,'REAR SEAT',2,'S:BENCH FIXED / NO ADJUSTMENT ✚ MANUAL 40:60 & RECLINING ✚ SINGLE FOLDING'),(1,'REAR WIPERS\nリアワイパー',2,'なし？'),(1,'ROOF',2,'S:FIXED ✚ PANORAMIC'),(1,'ROOF OPENING',2,'S:FIXED ✚ PANORAMIC'),(1,'ROOM MIRROR',1,'ACCS3'),(1,'ROOM MIRROR',2,'S1:AUTO DIMMING'),(1,'ROOM MIRROR / REAR VISIBILITY',1,'ACCS3'),(1,'ROOM MIRROR / REAR VISIBILITY',2,'S1:AUTO DIMMING'),(1,'ROOM MIRROR－AUTO DIMMING',2,'AUTO DIMMING'),(1,'ROOM MIRROR－SMART REAR VIEW MIRROR',1,'ACCS3'),(1,'Rr 空調シート(Heater ＋ Cooler Seat)',2,'S:HEATED SEAT'),(1,'SAFETY ACCESS FUNCTIONS',2,'S:CENTRAL DOOR LOCKING ✚ SPEED SENSING LOCK = AUTO LOCK WITH SPEED ✚ REAR DOOR CHILD LOCK (MANUAL/MECHANICAL)'),(1,'SCENE RECORDER',2,'S:FRONT SCENE RECORDER DIGITAL ✚ REAR SCENE RECORDER DIGITAL'),(1,'SEAT HEATING',2,'S1:HEATED SEAT'),(1,'SEAT TYPE',2,'STANDARD SEAT ✚ POWER 8 WAY: SLIDING & RECLINING & HEIGHT & TILT'),(1,'SETTINGS OF COMBI METER',2,'S1:CONTROL OF BRIGHTNESS'),(1,'SHARK FIN ANTENNA',2,'SHARK FIN'),(1,'SIZE OF COMBI METER SCREEN',2,'14.3\" DISPLAY'),(1,'SMART REAR VIEW MIRROR',1,'ACCS3'),(1,'sound bubble',2,'STANDARD'),(1,'SPARE WHEEL',2,'REPAIR KIT / INFLATION KIT'),(1,'SPEAKER',2,'S:CLASSIC / STANDARD SOUND ✚ 7 SPEAKERS'),(1,'SPEED METER UNIT',2,'FULL TFT'),(1,'Speed sensing lock',2,'CENTRAL DOOR LOCKING ✚ SPEED SENSING LOCK = AUTO LOCK WITH SPEED ✚ REAR DOOR CHILD LOCK (MANUAL/MECHANICAL)'),(1,'SRVM',1,'ACCS3'),(1,'STEERING',1,'ACCS3'),(1,'STEERING',2,'S1:POWER STEERING'),(1,'STEERING SWITCH',1,'ACCS3'),(1,'STEERING SWITCH',2,'S1:VOICE RECOGNITION (VR) SWITCH ✚ ADAPTIVE CRUISE CONTROL (ACC/ICC) SWITCH ✚ PHONE SWITCH ✚ AUDIO SWITCH ✚ AUTONOMOUS DRIVING SWITCH FOR AD1 ✚ SCROLLING OF COMBI METER SCREEN SWITCH ✚ SCROLLING OF CENTRAL SCREEN SWITCH ✚ CAPACITIVE TYPE WITH TOUCH PAD'),(1,'STEERING SWITCHES',1,'ACCS3'),(1,'STEERING SWITCHES',2,'S1:VOICE RECOGNITION (VR) SWITCH ✚ ADAPTIVE CRUISE CONTROL (ACC/ICC) SWITCH ✚ PHONE SWITCH ✚ AUDIO SWITCH ✚ AUTONOMOUS DRIVING SWITCH FOR AD1 ✚ SCROLLING OF COMBI METER SCREEN SWITCH ✚ SCROLLING OF CENTRAL SCREEN SWITCH ✚ CAPACITIVE TYPE WITH TOUCH PAD'),(1,'STEERING WHEEL',1,'ACCS3'),(1,'STEERING WHEEL',2,'S1:POWER STEERING'),(1,'STEERING WHEEL ADJUSTMENT',2,'S1:MANUAL TILT / HEIGHT ADJUSTMENT ✚ MANUAL TELESCOPIC / IN-DEPTH ADJUSTMENT'),(1,'SUN VISOR LED LIGHT',2,'S:MIRROR + TICKET HOLDER ✚ LED LIGHT ✚ EXTENSION'),(1,'Sunshade',2,'FIXED ✚ PANORAMIC'),(1,'SUSPENSION TYPE',2,'A: 電制SUSP無し、B: 電制SUSPあり'),(1,'TAILGATE/TRUNK OPENING',2,'S1:POWER OPEN/CLOSE ✚ AUTO CLOSER'),(1,'TAILGATE/TRUNK OPENING POWER OPEN/CLOSE',2,'POWER OPEN/CLOSE ✚ AUTO CLOSER'),(1,'TAILGATE/TRUNK OPENING POWER OPEN/CLOSE ✚ HANDS FREE',2,'POWER OPEN/CLOSE ✚ HANDS FREE ✚ AUTO CLOSER'),(1,'TIRE',1,'DWHL2'),(1,'TIRE PRESSURE MONITOR',2,'S:TIRE PRESSURE MONITORING SYSTEM (DIRECT) ✚ EASY FILL ALERT'),(1,'TIRE PRESSURE MONITORING SYSTEM (TPMS)',2,'S:TIRE PRESSURE MONITORING SYSTEM (DIRECT) ✚ EASY FILL ALERT'),(1,'TIRE SIZE',1,'DWHL2'),(1,'Touch Sensor  (I-key)',2,'2 I-KEYS STANDARD FINISH ✚ APPROACH UNLOCK ALL DIRECTION ✚ WALK AWAY LOCK ✚ PANIC ALARM'),(1,'TRAFFIC SIGN RECOGNITION',2,'S:TRAFFIC SIGN RECOGNITION (TSR)'),(1,'TURN SIGNAL',2,'S:FR LED ✚ RR LED ✚ 3-BLINK TURN SIGNAL ✚ LED ON SIDE MIRRORS'),(1,'TYPE OF COMBI METER',2,'FULL TFT'),(1,'TYPE OF DRIVER SEAT ADJUS',2,'S1:STANDARD SEAT ✚ POWER 8 WAY: SLIDING & RECLINING & HEIGHT & TILT'),(1,'TYPE OF HEAD UNIT HARDWARE & CCS SF',2,'S:AIVI2 EVO GAS NAVI 14.3”​ ✚ CCS2 EVO 5G'),(1,'TYPES OF RADIOS',2,'AIVI2 EVO GAS NAVI 14.3”​ ✚ CCS2 EVO 5G'),(1,'USB AND POWER SUPPLY 2ND ROW',2,'S:TYPE C FOR POWER CHARGE *2'),(1,'USB AND POWER SUPPLY FR',1,'ACCS3'),(1,'USB AND POWER SUPPLY FR',2,'S1:12V SOCKET *1 ✚ TYPE C FOR DATA & CHARGE *2 ✚ WIRELESS CHARGE FOR SMARTPHONE *2'),(1,'VDC',2,'S:ANTI-LOCK BRAKING SYSTEM (ABS) ✚ HILL START ASSIST (HSA) ✚ VEHICLE DYNAMICS CONTROL (VDC)'),(1,'VOICE VEHICLE CONTROL',1,'ACCS3'),(1,'VOICE VEHICLE CONTROL',2,'S1:BASIC '),(1,'WHEEL TYPE,SIZE',1,'DWHL2'),(1,'WHEEL TYPE,SIZE',2,'S:19\" ✚ ALLOY'),(1,'Wheelサイズ',1,'DWHL2'),(1,'Wheelサイズ',2,'S:19\" ✚ ALLOY'),(1,'WINDSCREEN WIPERS\nフロントワイパー',2,'S1:VARIABLE INTERMITTENT ✚ SPEED SENSITIVE ✚ RAIN SENSITIVE'),(1,'WINDSCREEN WIPERS',2,'S1:VARIABLE INTERMITTENT ✚ SPEED SENSITIVE ✚ RAIN SENSITIVE'),(1,'ZONES OF AMBIENT LIGHTING',2,'S1:WHITE COLOR ILLUMINATION ✚ ILLUMINATION CONTROL'),(1,'プロパイロットパーク',1,'ACCS3'),(1,'外装イルミランプ',2,'GROUND ILLUMINATION'),(1,'足元ランプ（ミラー付け）',2,'GROUND ILLUMINATIONは該当しない？'),(1,'電動格納式フラッシュアウトサイドハンドル付',2,'New : MANUAL PUSH BUTTON FOR LOCK/UNLOCK ON DRIVER DOOR ONLY   \nDeleted : TOUCH SENSOR FOR LOCK/UNLOCK ON 2 FRONT DOORS   \nNot modified : FLUSH DOOR HANDLE ✚ E-LATCH ✚ EXTERNAL TAILGATE / TRUNK ELECTRIC OPENER'),(1,'ＳＴＲＧ固定式パドル',2,'PADDLE SHIFT LEVER');
/*!40000 ALTER TABLE `project_device_comment` ENABLE KEYS */;
UNLOCK TABLES;

--
-- Table structure for table `project_has_config`
--

DROP TABLE IF EXISTS `project_has_config`;
/*!40101 SET @saved_cs_client     = @@character_set_client */;
/*!50503 SET character_set_client = utf8mb4 */;
CREATE TABLE `project_has_config` (
  `project_id` int(11) NOT NULL,
  `config_id` int(11) NOT NULL,
  `optioncode_value` varchar(45) DEFAULT NULL,
  PRIMARY KEY (`project_id`,`config_id`),
  KEY `fk_project_has_config_config1_idx` (`config_id`),
  KEY `fk_project_has_config_project1_idx` (`project_id`),
  CONSTRAINT `fk_project_has_config_config1` FOREIGN KEY (`config_id`) REFERENCES `config` (`config_id`),
  CONSTRAINT `fk_project_has_config_project1` FOREIGN KEY (`project_id`) REFERENCES `project` (`project_id`)
) ENGINE=InnoDB DEFAULT CHARSET=utf8;
/*!40101 SET character_set_client = @saved_cs_client */;

--
-- Dumping data for table `project_has_config`
--

LOCK TABLES `project_has_config` WRITE;
/*!40000 ALTER TABLE `project_has_config` DISABLE KEYS */;
INSERT INTO `project_has_config` VALUES (1,1,NULL),(1,2,NULL),(1,3,'ACCS3,CLAS2,DWHL2'),(1,4,NULL),(1,5,NULL),(1,6,'CLAS2,DWHL2');
/*!40000 ALTER TABLE `project_has_config` ENABLE KEYS */;
UNLOCK TABLES;

--
-- Table structure for table `project_has_device`
--

DROP TABLE IF EXISTS `project_has_device`;
/*!40101 SET @saved_cs_client     = @@character_set_client */;
/*!50503 SET character_set_client = utf8mb4 */;
CREATE TABLE `project_has_device` (
  `project_id` int(11) NOT NULL,
  `device_name` varchar(255) NOT NULL,
  PRIMARY KEY (`project_id`,`device_name`),
  KEY `fk_project_has_device_device1_idx` (`device_name`),
  KEY `fk_project_has_device_project1_idx` (`project_id`),
  CONSTRAINT `fk_project_has_device_device1` FOREIGN KEY (`device_name`) REFERENCES `device` (`device_name`),
  CONSTRAINT `fk_project_has_device_project1` FOREIGN KEY (`project_id`) REFERENCES `project` (`project_id`)
) ENGINE=InnoDB DEFAULT CHARSET=utf8;
/*!40101 SET character_set_client = @saved_cs_client */;

--
-- Dumping data for table `project_has_device`
--

LOCK TABLES `project_has_device` WRITE;
/*!40000 ALTER TABLE `project_has_device` DISABLE KEYS */;
INSERT INTO `project_has_device` VALUES (1,'1ST ROW STORAGE'),(1,'2ND ROW SEAT'),(1,'2ND ROW STORAGE'),(1,'3rd ROW SEAT'),(1,'ACCESS'),(1,'ADAS COMFORT'),(1,'ADAS PARKING'),(1,'ADAS SAFETY'),(1,'AIR CONDITIONING AND HEATING'),(1,'AIR QUALITY MANAGEMENT'),(1,'AIRBAGS'),(1,'AMBIENT LIGHTING'),(1,'AMENITY'),(1,'ASSIST SEAT'),(1,'AUDIO & NAVIGATION'),(1,'BRAKING'),(1,'CARPETS'),(1,'CHARGER'),(1,'COMBI METER'),(1,'DRIVER SEAT'),(1,'DRIVING MODE'),(1,'EV DEDICATED FEATURES'),(1,'FUNCTIONAL LIGHTING'),(1,'GEAR SHIFT'),(1,'GLASSES'),(1,'HEADREST'),(1,'HMI'),(1,'INNER PROTECTION'),(1,'LIGHTING'),(1,'LOGO & EMBLEM'),(1,'NVH MANAGEMENT'),(1,'OPENING'),(1,'OTHER'),(1,'PARKING BRAKE'),(1,'PASSENGER SUPPORT'),(1,'PEDALS AND FOOT-REST'),(1,'PHYSICAL SWITCHES'),(1,'PLUG / CABLE'),(1,'REAR VIEW MIRROR / CAMERA'),(1,'SEAT BELT'),(1,'SIDE VIEW MIRROR / CAMERA'),(1,'SOUND BUBBLE'),(1,'SPARE WHEEL'),(1,'SPEAKERS'),(1,'STEERING'),(1,'SUN VISOR'),(1,'TIRES'),(1,'TRIM'),(1,'TRUNK / LUGGAGE STORAGE'),(1,'WARNING & ALERT'),(1,'WHEELS & WHEEL COVERS'),(1,'WINDOW OPENING');
/*!40000 ALTER TABLE `project_has_device` ENABLE KEYS */;
UNLOCK TABLES;

--
-- Table structure for table `status_config_device_detail`
--

DROP TABLE IF EXISTS `status_config_device_detail`;
/*!40101 SET @saved_cs_client     = @@character_set_client */;
/*!50503 SET character_set_client = utf8mb4 */;
CREATE TABLE `status_config_device_detail` (
  `project_id` int(11) NOT NULL,
  `config_id` int(11) NOT NULL,
  `device_details_name` varchar(255) NOT NULL,
  `status` varchar(100) DEFAULT NULL,
  PRIMARY KEY (`project_id`,`config_id`,`device_details_name`),
  KEY `fk_status_config_device_detail_device_details1_idx` (`device_details_name`),
  KEY `fk_status_config_device_detail_project1_idx` (`project_id`),
  KEY `fk_status_config_device_detail_config1_idx` (`config_id`),
  CONSTRAINT `fk_status_config_device_detail_config1` FOREIGN KEY (`config_id`) REFERENCES `config` (`config_id`),
  CONSTRAINT `fk_status_config_device_detail_device_details1` FOREIGN KEY (`device_details_name`) REFERENCES `device_details` (`device_details_name`),
  CONSTRAINT `fk_status_config_device_detail_project1` FOREIGN KEY (`project_id`) REFERENCES `project` (`project_id`)
) ENGINE=InnoDB DEFAULT CHARSET=utf8;
/*!40101 SET character_set_client = @saved_cs_client */;

--
-- Dumping data for table `status_config_device_detail`
--

LOCK TABLES `status_config_device_detail` WRITE;
/*!40000 ALTER TABLE `status_config_device_detail` DISABLE KEYS */;
INSERT INTO `status_config_device_detail` VALUES (1,1,' HIGH BEAM ASSIST (HBA)','w'),(1,1,' LANE DEPARTURE PREVENTION (LDP)','w'),(1,1,' POWER OPEN/CLOSE SLIDE','-'),(1,1,'2nd row armrest','w'),(1,1,'2ND ROW HEATED SEAT','w/o'),(1,1,'2ND ROW SEAT BELT','S'),(1,1,'2ND ROW SEAT BELT REMINDER','S'),(1,1,'2ND ROW SEAT BELT REMINDER OCS','-'),(1,1,'2ND ROW SEAT COMFORT FEATURE','S'),(1,1,'2ND ROW SEAT HEATER AND COOLER','w/o'),(1,1,'2ND ROW SEAT TYPE AND ADJUSTMENT','S'),(1,1,'2ND ROW SEAT TYPE AND ADJUSTMENT.','BENCH'),(1,1,'2nd Seat\n3rd Seat','-'),(1,1,'3RD BRAKE LIGHT / HIGH MOUNT STOP LAMP','S'),(1,1,'3RD ROW SEAT BELT','-'),(1,1,'3RD ROW SEAT BELT REMINDER','-'),(1,1,'3RD ROW SEAT HEATER AND COOLER','-'),(1,1,'3rd Seat','-'),(1,1,'AC 120V or 240V 1500W OUTLET','w'),(1,1,'AC CHARGER','S'),(1,1,'AC INV\n(V2L_inside)','-'),(1,1,'AC PLUG STANDARD','w'),(1,1,'AC-INV','-'),(1,1,'Accel Pedal KD(キックダウン)','-'),(1,1,'ACTIVE SOUND CONTROL','-'),(1,1,'AD','AD1 NEXT'),(1,1,'AD(AUTONOMOUS DRIVING)','AD1'),(1,1,'AD1','w'),(1,1,'AD2','w/o'),(1,1,'ADAPTIVE CRUISE CONTROL (ACC)','w'),(1,1,'ADAPTIVE DRIVING BEAM (ADB)','-'),(1,1,'ADAPTIVE FRONT LIGHTING SYSTE(AFS)','-'),(1,1,'ADB(ADAPTIVE DRIVING BEAM)','w/o'),(1,1,'ADDITIONAL HEATER FOR PASSENGERS','-'),(1,1,'ADDITIONAL REAR AIR CONDITIONING','-'),(1,1,'ADJUSTMENT OF HEADLIGHTS ','-'),(1,1,'AFS','-'),(1,1,'AIR CONDITIONER','AUTO A/C'),(1,1,'AIR CONDITIONING AND HEATING SYSTEM','S'),(1,1,'AIR CONDITIONING AND HEATING TYPE','S'),(1,1,'AIR CONTIONING AND HEATIN','S'),(1,1,'AIR TREATMENT','S'),(1,1,'AIRBAG CANCEL','S'),(1,1,'Alarm type','Perimeric'),(1,1,'ALS(Auto Light Sensor)','w'),(1,1,'Ambient light','Mono color ambient'),(1,1,'Ambient lighting','モノかラー'),(1,1,'ANC','-'),(1,1,'ANC (ACTIVE NOISE CANCELLATION)','-'),(1,1,'ANC / ACTIVE NOISE CANCELLATION / DRIVING SOUND CONTROL','-'),(1,1,'ANTENNA','SHARK FIN'),(1,1,'ANTI-LOCK BRAKING SYSTEM','S'),(1,1,'ANTI-THEFT DEVICES','w'),(1,1,'AROUND VIEW MONITOR\n（AVM）','-'),(1,1,'AROUND VIEW MONITOR','w/o'),(1,1,'AS HEATED SEAT','w/o'),(1,1,'AS SEAT COMFORT FEATURE','w/o'),(1,1,'AS SEAT HEATER ','w/o'),(1,1,'AS SEAT HEATER AND COOLER','w/o'),(1,1,'AS SEAT TYPE AND ADJUSTMENT','S1'),(1,1,'AS SEAT TYPE AND ADJUSTMENT.','POWER'),(1,1,'ASCD','w'),(1,1,'ASL','-'),(1,1,'ASSISTANT SEAT BELT','S'),(1,1,'ATシフトデバイス','-'),(1,1,'AUDIO','IVI'),(1,1,'AUDIO & NAVIGATION','S'),(1,1,'AUDIO & NAVIGATION / TYPES OF RADIOS','S'),(1,1,'AUDIO LESS','-'),(1,1,'Audio Navigation','GAS NAVI'),(1,1,'AUDIO SYSTEM','non-BOSE'),(1,1,'AUDIO VISUAL','-'),(1,1,'AUTO CLOSER','w'),(1,1,'AUTO COMPASS','-'),(1,1,'AUTO EXTENTION LIGHT ','-'),(1,1,'AUTO HAZARD','w'),(1,1,'AUTO LEVELIZER','-'),(1,1,'Auto light','-'),(1,1,'AUTO LIGHT (ALS)','w'),(1,1,'AUTO LIGHT SYSTEM','w'),(1,1,'Auto Wiper','w'),(1,1,'AUTO WIPER AND AUTO LIGHT','-'),(1,1,'AUTOMATIC EMERGENCY BRAKING SYSTEM  (AEBS)','S1'),(1,1,'Automatically folding mirror','w'),(1,1,'AUTONOMOUS DRIVING','AD1'),(1,1,'AUTONOMOUS DRIVING SF','-'),(1,1,'AUTONOMOUS EMERGENCY STEERING','S'),(1,1,'AUTONOMOUS EMERGENCY STEERING (AES)','S'),(1,1,'BACKWARD COLLISION PREVEN','-'),(1,1,'Battery Charger For ELEC. VEH','S'),(1,1,'BATTERY HEATING','-'),(1,1,'BD-EPS(ベルトドライブEPS)','-'),(1,1,'BLACK BOX','-'),(1,1,'BLIND SPOT DETECTION','S'),(1,1,'BLIND SPOT INTERVENTION (BSI)','w'),(1,1,'BLIND SPOT WARNING (BSW)','w'),(1,1,'BOSE','w/o'),(1,1,'BOSE SPEAKER','S'),(1,1,'Brake lamp','LED'),(1,1,'Brake type','-'),(1,1,'BRAKING ASSISTANCE','S'),(1,1,'BULB REAR LAMP','-'),(1,1,'CAB違い','-'),(1,1,'CCS2','w'),(1,1,'CENTER CONSOLE','-'),(1,1,'CENTER CONSOLE 2ND ROW','-'),(1,1,'Central door locking','central door lock SW (DR)'),(1,1,'CHARGE WARNING LAMP','-'),(1,1,'CHARGER','SINGLE'),(1,1,'CITY ✚ REAR CROSS TRAFFIC ALERT (RCTA)','w/o'),(1,1,'CLUTCH CONTROL TYPE','-'),(1,1,'CLUTCH_UNIT','-'),(1,1,'COLD STARTING ASSISTANCE','-'),(1,1,'COMBI METER','FULL TFT'),(1,1,'COMBINATION SWITCH','S1'),(1,1,'Cross bar','-'),(1,1,'CRUISE CONTROL','w'),(1,1,'CRUISE CONTROL/SPEED LIMI','w'),(1,1,'CRUISE CONTROL/SPEED LIMITER','w'),(1,1,'DAS','-'),(1,1,'DAS(ダイレクトアダプティブステアリング)','-'),(1,1,'DAYTIME HEADLIGHTS','-'),(1,1,'DAYTIME RUNNING LIGHT','w'),(1,1,'DAYTIME RUNNING LIGHT (DRL)','w'),(1,1,'DAYTIME RUNNING LIGHTS','w'),(1,1,'DC CHARGER','w'),(1,1,'DCDC','-'),(1,1,'Delay Timer','w'),(1,1,'DIRECT ADAPTIVE STEERING','-'),(1,1,'DISPLAY AUDIO','w/o'),(1,1,'DOOR SAFETY','S'),(1,1,'DP-EPS(デュアルピニオンEPS)','-'),(1,1,'DR HEATED SEAT','w/o'),(1,1,'DR SEAT COMFORT FEATURE','w/o'),(1,1,'DR SEAT HEATER AND COOLER','w/o'),(1,1,'DR SEAT TYPE AND ADJUSTMENT','S1'),(1,1,'DR SEAT TYPE AND ADJUSTMENT.','POWER'),(1,1,'DRIVE EVENT RECORDER','-'),(1,1,'DRIVE RECORDER','w/o'),(1,1,'DRIVER ATTENTION ALERT','-'),(1,1,'DRIVER MONITORING','S1'),(1,1,'driver monitoring by steering','S1'),(1,1,'DRIVER\'S AIRBAG','S'),(1,1,'DRIVING ASSISTANCE','-'),(1,1,'DRIVING ASSITANCE','-'),(1,1,'Driving mode','ハードウェアタイプ'),(1,1,'DRIVING MODE 2WD','S'),(1,1,'DRIVING MODE 4WD','-'),(1,1,'DRIVING MODE CONTROL','S1'),(1,1,'DRL','w'),(1,1,'DVR','w/o'),(1,1,'DYNAMIC TURN INDICATOR','-'),(1,1,'E-DIMMING','-'),(1,1,'e-releace','-'),(1,1,'ECO DRIVING COACHING','-'),(1,1,'ECONOMIC DRIVING','w'),(1,1,'ECU付電動センサーストレージボックス','-'),(1,1,'ELECTRIC PARKING BRAKE','w'),(1,1,'ELECTRIC TOLL COLLECTION','-'),(1,1,'ELECTRICAL SIDE DOOR OPENING AND CLOSING','-'),(1,1,'EMERGENCY ASSIST FOR PEDAL MISAPPLICATION','-'),(1,1,'EMERGENCY BRAKE ASSIST (EBA / BA)','S'),(1,1,'EMERGENCY CALL AND BREAKDOWN','S'),(1,1,'EMERGENCY SIGNAL','-'),(1,1,'emergency steering assist/support (esa/ess)','S'),(1,1,'EMERGENCY STOP SIGNAL ','-'),(1,1,'ENERGY SMART MANAGEMENT','-'),(1,1,'ENG','-'),(1,1,'ENGINE REV COUNTER','-'),(1,1,'ENGINE START / POWER ON','w'),(1,1,'ENGINE START TYPE','w'),(1,1,'EPKB','w'),(1,1,'ESCL','-'),(1,1,'ESS','w'),(1,1,'ETC 2.0(ELECTRIC TOLL COLLECTION)','-'),(1,1,'EV CHARGE CONN TYPE','-'),(1,1,'EV SOUND FOR PEDESTRIANS','w'),(1,1,'EVSE','-'),(1,1,'Exh.仕様','-'),(1,1,'EXTERIOR MIRRORS RETRACTI','-'),(1,1,'EXTERIOR REAR VIEW MIRROR','S1'),(1,1,'FAP（フルオートパーク）','-'),(1,1,'FAR SIDE AIRBAG','S'),(1,1,'FLUSH DOOR HANDLE','w'),(1,1,'Flush handle','w'),(1,1,'FOG LIGHTS','-'),(1,1,'FORWARD COLLISION WARNING','S'),(1,1,'FORWARD EMERGENCY BRAKING','w'),(1,1,'FR BMPR-type','-'),(1,1,'FR CAMERA','w/o'),(1,1,'FR FOG LAMP','-'),(1,1,'FR FOG LAMP(HAROGEN)','-'),(1,1,'FR FOG LAMP(LED)','-'),(1,1,'FR Grill-type','-'),(1,1,'Fr Heater Seat','w/o'),(1,1,'FR RADAR','-'),(1,1,'FR SEAT HEATER','w/o'),(1,1,'FR SEAT HEATER AND COOLER','w/o'),(1,1,'FR SIDE CAMERA','-'),(1,1,'FR SIDE RADAR','-'),(1,1,'FR SONAR','-'),(1,1,'FR SUSP形式違い','A'),(1,1,'Fr 空調シート(Heater ＋ Cooler Seat)','w/o'),(1,1,'FR:Multi\nRR:5link','-'),(1,1,'FR:Multi\nRR:LEAF','-'),(1,1,'FR:Multi\nRR:QI2','-'),(1,1,'FR:STRUT\nRR:3Link','-'),(1,1,'FR:STRUT\nRR:HT Beam','-'),(1,1,'FR:STRUT\nRR:Prarell','-'),(1,1,'FR:STRUT\nRR:QI2','-'),(1,1,'FR:STRUT\nRR:RM2','-'),(1,1,'FR:STRUT\nRR:TC','-'),(1,1,'FRONT  WINDOW OPENING SYS','S'),(1,1,'FRONT AIRBAG','S'),(1,1,'FRONT COLLISION WARNING','w'),(1,1,'FRONT DOOR WINDOW OPENING','S'),(1,1,'FRONT DOOR WINDOW OPENING2','POWERED FR WINDOW LIFT ✚ AUTO REVERSE ✚ DRIVER ONE TOUCH ✚ TIMER ✚ ALL WINDOW CONTROL PANEL'),(1,1,'Front Fog','w/o'),(1,1,'FRONT FOG LAMP\nフロントフォグランプ','-'),(1,1,'FRONT FOG LAMP','-'),(1,1,'FRONT ILLUMINATION LIGHT','-'),(1,1,'FRONT KNEE AIRBAGS','S'),(1,1,'FRONT LIGHT\nヘッドランプ','S'),(1,1,'FRONT LIGHT','S'),(1,1,'FRONT LIGHT/HEAD LAMP','S'),(1,1,'FRONT PASSENGER SEAT(S)','S1'),(1,1,'FRONT SEAT BELT','S'),(1,1,'FRONT SEAT BELT ADJUSTMEN','S'),(1,1,'FRONT SEAT BELT PRE-TENSIONER','S'),(1,1,'FRONT SEAT BELT PRETENSIONER','S'),(1,1,'FRONT SEAT BELT REMINDER','S'),(1,1,'FRONT SEATS TYPE','S1'),(1,1,'FRONT SIDE AIRBAG','S'),(1,1,'FRONT WINDSCREEN HEATER','w/o'),(1,1,'FRONT WINDSCREEN HEATER / HEATED FRONT SCREEN','w/o'),(1,1,'FRONT WINDSCREEN WIPER SP','S1'),(1,1,'FULL AUTO A/C (TOUCH PANEL TYPE)','-'),(1,1,'Full FlanK Protection(FKP)','w/o'),(1,1,'GALASS ANTENNA','-'),(1,1,'GEAR SHIFT AT','Shift by wire'),(1,1,'GEAR SPEED CONTROL TYPE','Shift by wire'),(1,1,'GLARE FREE HIGH BEAM STANDARD / ADAPTIVE DRIVING BEAM (ADB)','w/o'),(1,1,'GROUND ILLUMINATION','w/o'),(1,1,'HALOGEN HEADLAMP','w/o'),(1,1,'HAND FREE','w/o'),(1,1,'HANDS FREE POWER DOOR','-'),(1,1,'HBA(HIGH BEAM ASSIST)','w'),(1,1,'HDC','-'),(1,1,'HEAD LAMP LEVELIZER','-'),(1,1,'HEAD LAMPS TYPE','LED'),(1,1,'HEAD UNIT','NAVI'),(1,1,'Head Up Display','w/o'),(1,1,'HEAD UP DISPLAY (HUD)','w/o'),(1,1,'HEADLAMP CLEANER','-'),(1,1,'HEADLAMP TYPE','LED'),(1,1,'HEADLIGHT WASHER','-'),(1,1,'HEADLIGHT WIPERS','-'),(1,1,'HEAT PUMP','w'),(1,1,'HEATED SCREEN','-'),(1,1,'HEATER FOR EV','(AIR PTC)'),(1,1,'HEATER FOR EV / ADDITIONAL HEATER','S'),(1,1,'Heating windscreen','w/o'),(1,1,'HEPS(油圧電動パワステ)','-'),(1,1,'HEV/PHEV ENERGY MODE','-'),(1,1,'HIGH BEAM ASSIST','w'),(1,1,'HIGH BEAM ASSIST (HBA)','w'),(1,1,'HIGH MOUNTED STOP LAMP','-'),(1,1,'Hood visor','-'),(1,1,'HORN','DOUBLE'),(1,1,'HUD','w/o'),(1,1,'I-KEY ','S'),(1,1,'I-KEY (BADGE)','S'),(1,1,'ICC','w'),(1,1,'ICC(ｲﾝﾃﾘｼﾞｪﾝﾄ ｸﾙｰｽﾞ ｺﾝﾄﾛｰﾙ)','w'),(1,1,'IDM(ｲﾝﾃﾘｼﾞｪﾝﾄ ﾀﾞｲﾅﾐｸｽｺﾝﾄﾛｰﾙ ﾓｼﾞｭｰﾙ)','-'),(1,1,'Illumination BI','w'),(1,1,'IN-CAR COMMUNICATION','w'),(1,1,'INSIDE MIRROR\nインサイドミラー','w'),(1,1,'INTERIOR REAR VIEW MIRROR','w'),(1,1,'IONIZER','-'),(1,1,'IVC','-'),(1,1,'IVI','w'),(1,1,'IVI（NAVI/DA）','NAVI'),(1,1,'KEY SET','-'),(1,1,'Kick Sensor','w/o'),(1,1,'LANE DEPARTURE WARNING (LDW)','w'),(1,1,'LANE KEEP','S'),(1,1,'Lapプリテン装備','w'),(1,1,'LATERAL SUPPORT SYSTEM','S'),(1,1,'LEAD CAR DEPARTURE NOTIFICATION','S'),(1,1,'LEAD CAR DEPARTURE NOTIFICATION (LCDN)','S'),(1,1,'LED HEADLAMP','w'),(1,1,'LED LB','w'),(1,1,'LED REAR LAMP ','w'),(1,1,'LIGHTS-ON WARNING','-'),(1,1,'LOCAL NAVI','-'),(1,1,'LUGGAGE HOOK','-'),(1,1,'MANUAL LEVELIZER','-'),(1,1,'MAP LAMP','-'),(1,1,'MASSAGE STANDARD\n(2nd seat)','w/o'),(1,1,'MASSAGE STANDARD\n(3rd seat)','w/o'),(1,1,'MASSAGE STANDARD\n(FR seat)','w/o'),(1,1,'Max C.W.\nFR','-'),(1,1,'Max C.W.\nRR','-'),(1,1,'Max C.W.\nTotal','-'),(1,1,'MEDIA','-'),(1,1,'Meter','Full TFT'),(1,1,'Meter Display Size','14inch'),(1,1,'METER UNIT','FULL TFT'),(1,1,'MICROPHONE','-'),(1,1,'MOVING OBJECT DETECTION (MOD)','w/o'),(1,1,'MUD GUARD','-'),(1,1,'NAVI','w'),(1,1,'Navi-size','14.3”​'),(1,1,'OCCUPANT MONITORING','S'),(1,1,'OCCUPANT MONITORING / CHILD PRESENCE DETECTION DIRECT','-'),(1,1,'OCCUPANT MONITORING / CHILD PRESENCE DETECTION INDIRECT','w'),(1,1,'OCCUPANTS SAFE EXIT','S'),(1,1,'OFF ROAD','-'),(1,1,'ONE PEDAL FUNCTION WITH STOP','S'),(1,1,'OUTSIDE CAMERA','S1'),(1,1,'OUTSIDE MIRROR\nアウトサイドミラー','S1'),(1,1,'OUTSIDE MIRROR','Electrrical Adjustment + Automatically Folding'),(1,1,'OUTSIDE MIRROR ADJUST','S1'),(1,1,'OUTSIDE MIRROR MEMORY','w/o'),(1,1,'OUTSIDE TEMPERATURE METER','w'),(1,1,'OUTSIDE THERMO METER','w'),(1,1,'PADDLE Shift','w/o'),(1,1,'PADDLE SHIFT LEVER','w/o'),(1,1,'Panic Alarm','w'),(1,1,'PARK ASSIST','-'),(1,1,'PARKING ALERTS','S1'),(1,1,'PARKING ASSIST SYSTEM','w/o'),(1,1,'PARKING BRAKE TYPE','EPKB'),(1,1,'PARKING BRAKE TYPE AND ASSIST','EPKB'),(1,1,'PASSENGER AIRBAG','S'),(1,1,'PATH CONTROL','-'),(1,1,'PBD','w'),(1,1,'PCU','-'),(1,1,'PKB hand,foot','-'),(1,1,'PLUG AND CHARGE','w'),(1,1,'POST COLLISION AND BREAKDOWN','S'),(1,1,'POWER BACK DOOR','w'),(1,1,'Power Back Door(PBD)','w'),(1,1,'POWER OPEN/CLOSE SLIDE','-'),(1,1,'POWER SEAT','w'),(1,1,'Power Slide Door','-'),(1,1,'POWER STEERING','S1'),(1,1,'Power Trunk','-'),(1,1,'Powerwindow','-'),(1,1,'PRE CRASH','-'),(1,1,'predictive forward collision warning (pfcw)','S'),(1,1,'PROXIMITY RADAR','-'),(1,1,'PS','w'),(1,1,'PTC Heater','w'),(1,1,'PUDDLE LAMP','-'),(1,1,'RAIN SENSITIVE','w'),(1,1,'RAISED BRAKE LIGHT','-'),(1,1,'REAR  LAMP','w'),(1,1,'REAR AEB','w'),(1,1,'REAR CAMERA','w'),(1,1,'REAR CNTER SEAT BELT','-'),(1,1,'REAR DOOR OPENING','S1'),(1,1,'REAR DOOR WINDOW OPENING','S'),(1,1,'REAR DOOR WINDOW OPENING2','POWERED REAR WINDOW LIFT ✚ TIMER'),(1,1,'Rear Fog','w/o'),(1,1,'REAR FOG LAMP\nリアフォグランプ','-'),(1,1,'REAR FOG LAMP','-'),(1,1,'REAR GATE OPENING','S1'),(1,1,'REAR LIGHT\nリアライト\nリアコンビランプ','S'),(1,1,'REAR LIGHT','S'),(1,1,'REAR SCREEN','-'),(1,1,'REAR SCREEN SF','-'),(1,1,'REAR SCREEN WIPER','-'),(1,1,'REAR SEAT','S'),(1,1,'REAR SEAT ALERT','-'),(1,1,'REAR SEAT BELT PRETENSIONER','S'),(1,1,'REAR SEATS BELT','S'),(1,1,'REAR SPOILER','-'),(1,1,'REAR TOWING DEVICE','-'),(1,1,'REAR VIDEO SCREENS','-'),(1,1,'REAR VIEW CAMERA','w'),(1,1,'REAR VIEW MONITOR\n（RVM）','REAR VIEW CAMERA (DIGITAL)'),(1,1,'REAR WINDOW','-'),(1,1,'REAR WINDOW OPENING SYSTE','S'),(1,1,'REAR WINDOW WIPER','-'),(1,1,'REAR WIPERS\nリアワイパー','-'),(1,1,'REGENERATIVE BRAKE FOR EV','-'),(1,1,'REGENERATIVE BRAKING TYPE','-'),(1,1,'REMOTE ENGINE STARTER','-'),(1,1,'REMOTE ENGINE STARTER (STAND ALONE)','-'),(1,1,'REMOTE ENGINE STARTER WITH KEY','-'),(1,1,'REMOTE PARKING','w/o'),(1,1,'RES','-'),(1,1,'REVERSIBLE CHARGER','VEHICLE TO LOAD (V2L) OUTSIDE'),(1,1,'RLS(Rain Light Sensor)','w/o'),(1,1,'ROD ANTENNA','-'),(1,1,'ROOF','S'),(1,1,'ROOF / SUNROOF','Glass Roof'),(1,1,'ROOF OPENING','Glass Roof'),(1,1,'Roof rack','-'),(1,1,'Roof rail','-'),(1,1,'ROOF RAIL AND CROSS BAR','-'),(1,1,'ROOM MIRROR','S1'),(1,1,'ROOM MIRROR / REAR VISIBILITY','S1'),(1,1,'ROOM MIRROR－AUTO DIMMING','w'),(1,1,'ROOM MIRROR－SMART REAR VIEW MIRROR','w/o'),(1,1,'RR BMPR-type','-'),(1,1,'RR BRAKE UNIT','-'),(1,1,'RR CAMERA','w'),(1,1,'RR FOG LAMP','-'),(1,1,'Rr Heater Seat','w/o'),(1,1,'RR POWER SLIDE  DOOR ','-'),(1,1,'RR SEAT HEATER','w/o'),(1,1,'RR SEAT HEATER AND COOLER','w/o'),(1,1,'RR SIDE RADAR','-'),(1,1,'RR SONAR','-'),(1,1,'RR SPOILER','-'),(1,1,'RR SUSP形式違い','-'),(1,1,'Rr 空調シート(Heater ＋ Cooler Seat)','w/o'),(1,1,'RVI CRUISE CONTROL','-'),(1,1,'SAFETY ACCESS FUNCTIONS','S'),(1,1,'Safety Driving','AD1e'),(1,1,'SCENE RECORDER','-'),(1,1,'Seat adjustment','メモリーなし'),(1,1,'SEAT BELT NOT SECURED WAR','-'),(1,1,'SEAT BELT REMINDER','S'),(1,1,'SEAT HEATER','w/o'),(1,1,'SEAT HEATER AND COOLER','-'),(1,1,'SEAT HEATING','w/o'),(1,1,'SEAT LINING','SYNTHETIC LEATHER A'),(1,1,'SEAT LINING.','SYNTHETIC LEATHER A'),(1,1,'SEAT TYPE','自動'),(1,1,'SETTINGS OF COMBI METER','S1'),(1,1,'SHARK FIN ANTENNA','w'),(1,1,'SIDE AIRBAG','S'),(1,1,'SIDE CURTAIN AIRBAG','S'),(1,1,'SIDE LIGHTS','-'),(1,1,'SIDE MARKER LAMP','-'),(1,1,'SIDE TURN SIGNAL','w'),(1,1,'Side visor','-'),(1,1,'SIZE OF COMBI METER SCREEN','14.3\" DISPLAY'),(1,1,'SMART REAR VIEW MIRROR','w/o'),(1,1,'SOCKET ACCESSORY','w'),(1,1,'SONER','-'),(1,1,'sound bubble','-'),(1,1,'SP1','-'),(1,1,'SP2','-'),(1,1,'SPARE WHEEL','w/o'),(1,1,'SPEAKER','S'),(1,1,'SPEED CUT','-'),(1,1,'SPEED LIMITER','-'),(1,1,'SPEED METER UNIT','FULL TFT'),(1,1,'Speed sensing lock','w'),(1,1,'SRVM','w/o'),(1,1,'Start Engine  type','I-key'),(1,1,'STATIONARY HEATER','-'),(1,1,'STEERING','S1'),(1,1,'STEERING SWITCH','S1'),(1,1,'STEERING SWITCHES','S1'),(1,1,'STEERING WHEEL','S1'),(1,1,'STEERING WHEEL ADJUSTMENT','S1'),(1,1,'STEERING WHEEL HEATER','w/o'),(1,1,'STRG Heater','w/o'),(1,1,'SUN VISOR LED LIGHT','S'),(1,1,'SUNROOF','w/o'),(1,1,'Sunroof visor','-'),(1,1,'Sunshade','basic'),(1,1,'SUSPENSION CONTROL','A'),(1,1,'SUSPENSION CONTROL VARIABLE DAMPING','A'),(1,1,'SUSPENSION TYPE','A'),(1,1,'TAILGATE/TRUNK OPENING\nPOWER OPEN/CLOSE','w'),(1,1,'TAILGATE/TRUNK OPENING','S1'),(1,1,'TAILGATE/TRUNK OPENING POWER OPEN/CLOSE','w'),(1,1,'TAILGATE/TRUNK OPENING POWER OPEN/CLOSE ✚ HANDS FREE','w/o'),(1,1,'TELEMATIC','-'),(1,1,'TELEMATIC DOORS LOCK','-'),(1,1,'TELEMATIC SYSTEM HYPOTHES','-'),(1,1,'TELEMATICS\n(EMERGENCY CALL SW)','-'),(1,1,'TIRE','235 ✚ 55 ✚ R19'),(1,1,'TIRE PRESSURE MONITOR','S'),(1,1,'TIRE PRESSURE MONITORING SYSTEM (TPMS)','S'),(1,1,'TIRE SIZE','235 ✚ 55 ✚ R19'),(1,1,'TIRE TYPE','-'),(1,1,'Touch Sensor  (I-key)','w'),(1,1,'TOWING CAPACITY','-'),(1,1,'TRACTION CONTROL SYSTEM','-'),(1,1,'TRAFFIC SIGN RECOGNITION','S'),(1,1,'TRAFFIC SIGN RECOGNITION (TSR)','w'),(1,1,'TRAFFIC SIGN RECOGNITION / SPEED LIMITATION INFORMATION','-'),(1,1,'TRUNK','-'),(1,1,'TSA','-'),(1,1,'TURN SIGNAL','S'),(1,1,'TURN SIGNAL LAMP','w'),(1,1,'TYPE OF COMBI METER','FULL TFT'),(1,1,'TYPE OF CONTROL','-'),(1,1,'TYPE OF DOOR-OPENER REMOT','-'),(1,1,'TYPE OF DRIVER SEAT ADJUS','S1'),(1,1,'TYPE OF HEAD UNIT HARDWARE & CCS SF','S'),(1,1,'TYPE OF PARK BRAKE','EPKB'),(1,1,'TYPE OF TIRES FR','235 ✚ 55 ✚ R19'),(1,1,'TYPE OF TIRES RR','235 ✚ 55 ✚ R19'),(1,1,'TYPES OF RADIOS','GAS NAVI'),(1,1,'UNIVERSAL GARAGE DOOR OPE','w'),(1,1,'UNIVERSAL GARAGE DOOR OPENER','w'),(1,1,'USB AND POWER SUPPLY','-'),(1,1,'USB AND POWER SUPPLY 2ND ROW','S'),(1,1,'USB AND POWER SUPPLY 3RD ROW','-'),(1,1,'USB AND POWER SUPPLY FR','S1'),(1,1,'USB AND POWER SUPPLY LUGGAGE','-'),(1,1,'VDC','S'),(1,1,'VDC(ﾋﾞｰｸﾙ ﾀﾞｲﾅﾐｸｽ ｺﾝﾄﾛｰﾙ)','w'),(1,1,'VEHICLE DYNAMICS CONTROL','-'),(1,1,'VEHICLE TO LOAD (V2L) OUTSIDE','w'),(1,1,'Ventilated(Heater&Cooler) Seat','w/o'),(1,1,'VIDEO SCREENS','-'),(1,1,'VOICE VEHICLE CONTROL','S1'),(1,1,'VR','w'),(1,1,'WELCOME & GOODBYE SEQUENCE','-'),(1,1,'Wheel Cover','-'),(1,1,'WHEEL COVERS-size','-'),(1,1,'WHEEL TYPE,SIZE','S'),(1,1,'Wheelサイズ','S'),(1,1,'Wheel材質','AL Wheel'),(1,1,'WINDOWS COLOUR','-'),(1,1,'WINDSCREEN','-'),(1,1,'WINDSCREEN HEATER','-'),(1,1,'WINDSCREEN WIPERS\nフロントワイパー','S1'),(1,1,'WINDSCREEN WIPERS','S1'),(1,1,'WIPER DEICER','-'),(1,1,'WIRELESS PHONE CHARGE','w'),(1,1,'WITH TIMER CHARGER','-'),(1,1,'ZONES OF AMBIENT LIGHTING','S1'),(1,1,'アンダーカバー','-'),(1,1,'ウィンドシールド取付構造','A'),(1,1,'ウィンドシールド形状','A'),(1,1,'ウインチ','-'),(1,1,'エアバッグシステム','A'),(1,1,'エネルギー\n吸収材仕様','A'),(1,1,'エンジンフード形状','A'),(1,1,'オットマン','-'),(1,1,'キャニスタ ORVR 追加','-'),(1,1,'ギアシフト','Shift by wire'),(1,1,'グリルシャッター','-'),(1,1,'コラムEPS','-'),(1,1,'コーナリングランプ','-'),(1,1,'サスペンション','A'),(1,1,'サンルーフ','w/o'),(1,1,'シル構造','A'),(1,1,'シートベルトアンカ位置','A'),(1,1,'シート材質','Leather'),(1,1,'シート機構','-'),(1,1,'スポーツシート','-'),(1,1,'スライドシート','w'),(1,1,'センターピラー構造','A'),(1,1,'トーイング','-'),(1,1,'バッテリクーラ','-'),(1,1,'バッテリヒータ','-'),(1,1,'バッテリー','-'),(1,1,'バンパ仕様','A'),(1,1,'フィラーチューブ','ー'),(1,1,'フューエルタンクの取り付け方式','ー'),(1,1,'フューエルタンクの材質','ー'),(1,1,'フューエルタンク形状','ー'),(1,1,'フューエルタンク搭載位置','ー'),(1,1,'フロントサイドマーカ','-'),(1,1,'フロントサイドメンバ構造','A'),(1,1,'フロントピラー構造','A'),(1,1,'フロントフェンダ外形','A'),(1,1,'フードヒンジ構造','A'),(1,1,'プロパイロット','w'),(1,1,'プロパイロットパーク','w/o'),(1,1,'ヘッドランプウオッシャー\n（HLC)','-'),(1,1,'ヘッドランプ外形','A'),(1,1,'マニュアルトランスミッション','-'),(1,1,'リアアンダーミラー','-'),(1,1,'リアカメラウオッシャー','-'),(1,1,'リア・サイド・メンバー / リア・サイド・フレームの形状','A'),(1,1,'リヤサイドマーカー','-'),(1,1,'ルーフサイド構造','A'),(1,1,'ワイパーデアイサー','-'),(1,1,'ワイパ外形','A'),(1,1,'三相(AC3)','-'),(1,1,'乗員H.P.','A'),(1,1,'内装違い','-'),(1,1,'冷却仕様','-'),(1,1,'前席ELR仕様','-'),(1,1,'助手席SEN仕様','-'),(1,1,'単相(AC1)','AC1'),(1,1,'外装イルミランプ','w/o'),(1,1,'外装違い\nナロー/ワイド、2/3ROW','-'),(1,1,'姿勢違い','-'),(1,1,'強電BAT MD/Cell違い','-'),(1,1,'強電BAT 容量違い','-'),(1,1,'後席ODS仕様','-'),(1,1,'後席シートスライド','-'),(1,1,'後席シートリクライニング','-'),(1,1,'後席プリテン装備','w'),(1,1,'後輪懸架装置','A'),(1,1,'油圧PS(パワステ)','w'),(1,1,'燃料供給方式','ー'),(1,1,'燃料系部品取り付け構造','ー'),(1,1,'燃料配管','ー'),(1,1,'直前直左鏡','-'),(1,1,'空調シート','w/o'),(1,1,'足元ランプ（ミラー付け）','-'),(1,1,'跳ね上げフード','-'),(1,1,'車体色','-'),(1,1,'通常のグリップ型アウトサイドハンドル、マニュアルヒドゥンハンドル','-'),(1,1,'金属製フットレスト','STANDARD'),(1,1,'電動格納式フラッシュアウトサイドハンドル付','w'),(1,1,'電装OPT','OPT無し'),(1,1,'ＳＴＲＧ固定式パドル','w/o'),(1,2,' HIGH BEAM ASSIST (HBA)','w'),(1,2,' LANE DEPARTURE PREVENTION (LDP)','w'),(1,2,' POWER OPEN/CLOSE SLIDE','-'),(1,2,'2nd row armrest','w'),(1,2,'2ND ROW HEATED SEAT','w/o'),(1,2,'2ND ROW SEAT BELT','S'),(1,2,'2ND ROW SEAT BELT REMINDER','S'),(1,2,'2ND ROW SEAT BELT REMINDER OCS','-'),(1,2,'2ND ROW SEAT COMFORT FEATURE','S'),(1,2,'2ND ROW SEAT HEATER AND COOLER','w/o'),(1,2,'2ND ROW SEAT TYPE AND ADJUSTMENT','S'),(1,2,'2ND ROW SEAT TYPE AND ADJUSTMENT.','BENCH'),(1,2,'2nd Seat\n3rd Seat','-'),(1,2,'3RD BRAKE LIGHT / HIGH MOUNT STOP LAMP','S'),(1,2,'3RD ROW SEAT BELT','-'),(1,2,'3RD ROW SEAT BELT REMINDER','-'),(1,2,'3RD ROW SEAT HEATER AND COOLER','-'),(1,2,'3rd Seat','-'),(1,2,'AC 120V or 240V 1500W OUTLET','w'),(1,2,'AC CHARGER','S'),(1,2,'AC INV\n(V2L_inside)','-'),(1,2,'AC PLUG STANDARD','w'),(1,2,'AC-INV','-'),(1,2,'Accel Pedal KD(キックダウン)','-'),(1,2,'ACTIVE SOUND CONTROL','-'),(1,2,'AD','AD1 NEXT WITH NAVI-LINK +'),(1,2,'AD(AUTONOMOUS DRIVING)','AD1'),(1,2,'AD1','w'),(1,2,'AD2','w/o'),(1,2,'ADAPTIVE CRUISE CONTROL (ACC)','w'),(1,2,'ADAPTIVE DRIVING BEAM (ADB)','-'),(1,2,'ADAPTIVE FRONT LIGHTING SYSTE(AFS)','-'),(1,2,'ADB(ADAPTIVE DRIVING BEAM)','w/o'),(1,2,'ADDITIONAL HEATER FOR PASSENGERS','-'),(1,2,'ADDITIONAL REAR AIR CONDITIONING','-'),(1,2,'ADJUSTMENT OF HEADLIGHTS ','-'),(1,2,'AFS','-'),(1,2,'AIR CONDITIONER','AUTO A/C'),(1,2,'AIR CONDITIONING AND HEATING SYSTEM','S'),(1,2,'AIR CONDITIONING AND HEATING TYPE','S'),(1,2,'AIR CONTIONING AND HEATIN','S'),(1,2,'AIR TREATMENT','S'),(1,2,'AIRBAG CANCEL','S'),(1,2,'Alarm type','Perimeric'),(1,2,'ALS(Auto Light Sensor)','w'),(1,2,'Ambient light','Multi color'),(1,2,'Ambient lighting','マルチカラー'),(1,2,'ANC','S'),(1,2,'ANC (ACTIVE NOISE CANCELLATION)','S'),(1,2,'ANC / ACTIVE NOISE CANCELLATION / DRIVING SOUND CONTROL','S'),(1,2,'ANTENNA','SHARK FIN'),(1,2,'ANTI-LOCK BRAKING SYSTEM','S'),(1,2,'ANTI-THEFT DEVICES','w'),(1,2,'AROUND VIEW MONITOR\n（AVM）','S'),(1,2,'AROUND VIEW MONITOR','S'),(1,2,'AS HEATED SEAT','w'),(1,2,'AS SEAT COMFORT FEATURE','w/o'),(1,2,'AS SEAT HEATER ','w'),(1,2,'AS SEAT HEATER AND COOLER','S1'),(1,2,'AS SEAT TYPE AND ADJUSTMENT','S2'),(1,2,'AS SEAT TYPE AND ADJUSTMENT.','POWER'),(1,2,'ASCD','w'),(1,2,'ASL','-'),(1,2,'ASSISTANT SEAT BELT','S'),(1,2,'ATシフトデバイス','-'),(1,2,'AUDIO','IVI'),(1,2,'AUDIO & NAVIGATION','S'),(1,2,'AUDIO & NAVIGATION / TYPES OF RADIOS','S'),(1,2,'AUDIO LESS','-'),(1,2,'Audio Navigation','GAS NAVI'),(1,2,'AUDIO SYSTEM','non-BOSE'),(1,2,'AUDIO VISUAL','-'),(1,2,'AUTO CLOSER','w'),(1,2,'AUTO COMPASS','-'),(1,2,'AUTO EXTENTION LIGHT ','-'),(1,2,'AUTO HAZARD','w'),(1,2,'AUTO LEVELIZER','-'),(1,2,'Auto light','-'),(1,2,'AUTO LIGHT (ALS)','w'),(1,2,'AUTO LIGHT SYSTEM','w'),(1,2,'Auto Wiper','w'),(1,2,'AUTO WIPER AND AUTO LIGHT','-'),(1,2,'AUTOMATIC EMERGENCY BRAKING SYSTEM  (AEBS)','S1'),(1,2,'Automatically folding mirror','w'),(1,2,'AUTONOMOUS DRIVING','AD1'),(1,2,'AUTONOMOUS DRIVING SF','-'),(1,2,'AUTONOMOUS EMERGENCY STEERING','S'),(1,2,'AUTONOMOUS EMERGENCY STEERING (AES)','S'),(1,2,'BACKWARD COLLISION PREVEN','-'),(1,2,'Battery Charger For ELEC. VEH','S'),(1,2,'BATTERY HEATING','-'),(1,2,'BD-EPS(ベルトドライブEPS)','-'),(1,2,'BLACK BOX','-'),(1,2,'BLIND SPOT DETECTION','S'),(1,2,'BLIND SPOT INTERVENTION (BSI)','w'),(1,2,'BLIND SPOT WARNING (BSW)','w'),(1,2,'BOSE','w/o'),(1,2,'BOSE SPEAKER','w/o'),(1,2,'Brake lamp','LED'),(1,2,'Brake type','-'),(1,2,'BRAKING ASSISTANCE','S'),(1,2,'BULB REAR LAMP','-'),(1,2,'CAB違い','-'),(1,2,'CCS2','w'),(1,2,'CENTER CONSOLE','-'),(1,2,'CENTER CONSOLE 2ND ROW','-'),(1,2,'Central door locking','central door lock SW (DR)'),(1,2,'CHARGE WARNING LAMP','-'),(1,2,'CHARGER','SINGLE'),(1,2,'CITY ✚ REAR CROSS TRAFFIC ALERT (RCTA)','w/o'),(1,2,'CLUTCH CONTROL TYPE','-'),(1,2,'CLUTCH_UNIT','-'),(1,2,'COLD STARTING ASSISTANCE','-'),(1,2,'COMBI METER','FULL TFT'),(1,2,'COMBINATION SWITCH','S1'),(1,2,'Cross bar','-'),(1,2,'CRUISE CONTROL','w'),(1,2,'CRUISE CONTROL/SPEED LIMI','w'),(1,2,'CRUISE CONTROL/SPEED LIMITER','w'),(1,2,'DAS','-'),(1,2,'DAS(ダイレクトアダプティブステアリング)','-'),(1,2,'DAYTIME HEADLIGHTS','-'),(1,2,'DAYTIME RUNNING LIGHT','w'),(1,2,'DAYTIME RUNNING LIGHT (DRL)','w'),(1,2,'DAYTIME RUNNING LIGHTS','w'),(1,2,'DC CHARGER','w'),(1,2,'DCDC','-'),(1,2,'Delay Timer','w'),(1,2,'DIRECT ADAPTIVE STEERING','-'),(1,2,'DISPLAY AUDIO','w/o'),(1,2,'DOOR SAFETY','S'),(1,2,'DP-EPS(デュアルピニオンEPS)','-'),(1,2,'DR HEATED SEAT','w'),(1,2,'DR SEAT COMFORT FEATURE','S1'),(1,2,'DR SEAT HEATER AND COOLER','S1'),(1,2,'DR SEAT TYPE AND ADJUSTMENT','S2'),(1,2,'DR SEAT TYPE AND ADJUSTMENT.','POWER'),(1,2,'DRIVE EVENT RECORDER','-'),(1,2,'DRIVE RECORDER','w/o'),(1,2,'DRIVER ATTENTION ALERT','-'),(1,2,'DRIVER MONITORING','S2'),(1,2,'driver monitoring by steering','S2'),(1,2,'DRIVER\'S AIRBAG','S'),(1,2,'DRIVING ASSISTANCE','-'),(1,2,'DRIVING ASSITANCE','-'),(1,2,'Driving mode','ハードウェアタイプ'),(1,2,'DRIVING MODE 2WD','-'),(1,2,'DRIVING MODE 4WD','S'),(1,2,'DRIVING MODE CONTROL','S2'),(1,2,'DRL','w'),(1,2,'DVR','w/o'),(1,2,'DYNAMIC TURN INDICATOR','-'),(1,2,'E-DIMMING','-'),(1,2,'e-releace','-'),(1,2,'ECO DRIVING COACHING','-'),(1,2,'ECONOMIC DRIVING','w'),(1,2,'ECU付電動センサーストレージボックス','-'),(1,2,'ELECTRIC PARKING BRAKE','w'),(1,2,'ELECTRIC TOLL COLLECTION','-'),(1,2,'ELECTRICAL SIDE DOOR OPENING AND CLOSING','-'),(1,2,'EMERGENCY ASSIST FOR PEDAL MISAPPLICATION','-'),(1,2,'EMERGENCY BRAKE ASSIST (EBA / BA)','S'),(1,2,'EMERGENCY CALL AND BREAKDOWN','S'),(1,2,'EMERGENCY SIGNAL','-'),(1,2,'emergency steering assist/support (esa/ess)','S'),(1,2,'EMERGENCY STOP SIGNAL ','-'),(1,2,'ENERGY SMART MANAGEMENT','-'),(1,2,'ENG','-'),(1,2,'ENGINE REV COUNTER','-'),(1,2,'ENGINE START / POWER ON','w'),(1,2,'ENGINE START TYPE','w'),(1,2,'EPKB','w'),(1,2,'ESCL','-'),(1,2,'ESS','w'),(1,2,'ETC 2.0(ELECTRIC TOLL COLLECTION)','-'),(1,2,'EV CHARGE CONN TYPE','-'),(1,2,'EV SOUND FOR PEDESTRIANS','w'),(1,2,'EVSE','-'),(1,2,'Exh.仕様','-'),(1,2,'EXTERIOR MIRRORS RETRACTI','-'),(1,2,'EXTERIOR REAR VIEW MIRROR','S2'),(1,2,'FAP（フルオートパーク）','-'),(1,2,'FAR SIDE AIRBAG','S'),(1,2,'FLUSH DOOR HANDLE','w'),(1,2,'Flush handle','w'),(1,2,'FOG LIGHTS','-'),(1,2,'FORWARD COLLISION WARNING','S'),(1,2,'FORWARD EMERGENCY BRAKING','w'),(1,2,'FR BMPR-type','-'),(1,2,'FR CAMERA','w'),(1,2,'FR FOG LAMP','-'),(1,2,'FR FOG LAMP(HAROGEN)','-'),(1,2,'FR FOG LAMP(LED)','-'),(1,2,'FR Grill-type','-'),(1,2,'Fr Heater Seat','w'),(1,2,'FR RADAR','-'),(1,2,'FR SEAT HEATER','w'),(1,2,'FR SEAT HEATER AND COOLER','w/o'),(1,2,'FR SIDE CAMERA','-'),(1,2,'FR SIDE RADAR','-'),(1,2,'FR SONAR','-'),(1,2,'FR SUSP形式違い','A'),(1,2,'Fr 空調シート(Heater ＋ Cooler Seat)','w/o'),(1,2,'FR:Multi\nRR:5link','-'),(1,2,'FR:Multi\nRR:LEAF','-'),(1,2,'FR:Multi\nRR:QI2','-'),(1,2,'FR:STRUT\nRR:3Link','-'),(1,2,'FR:STRUT\nRR:HT Beam','-'),(1,2,'FR:STRUT\nRR:Prarell','-'),(1,2,'FR:STRUT\nRR:QI2','-'),(1,2,'FR:STRUT\nRR:RM2','-'),(1,2,'FR:STRUT\nRR:TC','-'),(1,2,'FRONT  WINDOW OPENING SYS','S'),(1,2,'FRONT AIRBAG','S'),(1,2,'FRONT COLLISION WARNING','w'),(1,2,'FRONT DOOR WINDOW OPENING','S'),(1,2,'FRONT DOOR WINDOW OPENING2','POWERED FR WINDOW LIFT ✚ AUTO REVERSE ✚ DRIVER ONE TOUCH ✚ TIMER ✚ ALL WINDOW CONTROL PANEL'),(1,2,'Front Fog','w/o'),(1,2,'FRONT FOG LAMP\nフロントフォグランプ','-'),(1,2,'FRONT FOG LAMP','-'),(1,2,'FRONT ILLUMINATION LIGHT','-'),(1,2,'FRONT KNEE AIRBAGS','S'),(1,2,'FRONT LIGHT\nヘッドランプ','S'),(1,2,'FRONT LIGHT','S'),(1,2,'FRONT LIGHT/HEAD LAMP','S'),(1,2,'FRONT PASSENGER SEAT(S)','S2'),(1,2,'FRONT SEAT BELT','S'),(1,2,'FRONT SEAT BELT ADJUSTMEN','S'),(1,2,'FRONT SEAT BELT PRE-TENSIONER','S'),(1,2,'FRONT SEAT BELT PRETENSIONER','S'),(1,2,'FRONT SEAT BELT REMINDER','S'),(1,2,'FRONT SEATS TYPE','S2'),(1,2,'FRONT SIDE AIRBAG','S'),(1,2,'FRONT WINDSCREEN HEATER','w/o'),(1,2,'FRONT WINDSCREEN HEATER / HEATED FRONT SCREEN','w/o'),(1,2,'FRONT WINDSCREEN WIPER SP','S1'),(1,2,'FULL AUTO A/C (TOUCH PANEL TYPE)','-'),(1,2,'Full FlanK Protection(FKP)','w/o'),(1,2,'GALASS ANTENNA','-'),(1,2,'GEAR SHIFT AT','Shift by wire'),(1,2,'GEAR SPEED CONTROL TYPE','Shift by wire'),(1,2,'GLARE FREE HIGH BEAM STANDARD / ADAPTIVE DRIVING BEAM (ADB)','w/o'),(1,2,'GROUND ILLUMINATION','w/o'),(1,2,'HALOGEN HEADLAMP','w/o'),(1,2,'HAND FREE','w/o'),(1,2,'HANDS FREE POWER DOOR','-'),(1,2,'HBA(HIGH BEAM ASSIST)','w'),(1,2,'HDC','-'),(1,2,'HEAD LAMP LEVELIZER','-'),(1,2,'HEAD LAMPS TYPE','LED'),(1,2,'HEAD UNIT','NAVI'),(1,2,'Head Up Display','w/o'),(1,2,'HEAD UP DISPLAY (HUD)','w/o'),(1,2,'HEADLAMP CLEANER','-'),(1,2,'HEADLAMP TYPE','LED'),(1,2,'HEADLIGHT WASHER','-'),(1,2,'HEADLIGHT WIPERS','-'),(1,2,'HEAT PUMP','w'),(1,2,'HEATED SCREEN','-'),(1,2,'HEATER FOR EV','(AIR PTC)'),(1,2,'HEATER FOR EV / ADDITIONAL HEATER','S'),(1,2,'Heating windscreen','w/o'),(1,2,'HEPS(油圧電動パワステ)','-'),(1,2,'HEV/PHEV ENERGY MODE','-'),(1,2,'HIGH BEAM ASSIST','w'),(1,2,'HIGH BEAM ASSIST (HBA)','w'),(1,2,'HIGH MOUNTED STOP LAMP','-'),(1,2,'Hood visor','-'),(1,2,'HORN','DOUBLE'),(1,2,'HUD','w/o'),(1,2,'I-KEY ','S'),(1,2,'I-KEY (BADGE)','S'),(1,2,'ICC','w'),(1,2,'ICC(ｲﾝﾃﾘｼﾞｪﾝﾄ ｸﾙｰｽﾞ ｺﾝﾄﾛｰﾙ)','w'),(1,2,'IDM(ｲﾝﾃﾘｼﾞｪﾝﾄ ﾀﾞｲﾅﾐｸｽｺﾝﾄﾛｰﾙ ﾓｼﾞｭｰﾙ)','-'),(1,2,'Illumination BI','w'),(1,2,'IN-CAR COMMUNICATION','w'),(1,2,'INSIDE MIRROR\nインサイドミラー','w'),(1,2,'INTERIOR REAR VIEW MIRROR','w'),(1,2,'IONIZER','-'),(1,2,'IVC','-'),(1,2,'IVI','w'),(1,2,'IVI（NAVI/DA）','NAVI'),(1,2,'KEY SET','-'),(1,2,'Kick Sensor','w/o'),(1,2,'LANE DEPARTURE WARNING (LDW)','w'),(1,2,'LANE KEEP','S'),(1,2,'Lapプリテン装備','w'),(1,2,'LATERAL SUPPORT SYSTEM','S'),(1,2,'LEAD CAR DEPARTURE NOTIFICATION','S'),(1,2,'LEAD CAR DEPARTURE NOTIFICATION (LCDN)','S'),(1,2,'LED HEADLAMP','w'),(1,2,'LED LB','w'),(1,2,'LED REAR LAMP ','w'),(1,2,'LIGHTS-ON WARNING','-'),(1,2,'LOCAL NAVI','-'),(1,2,'LUGGAGE HOOK','-'),(1,2,'MANUAL LEVELIZER','-'),(1,2,'MAP LAMP','-'),(1,2,'MASSAGE STANDARD\n(2nd seat)','w/o'),(1,2,'MASSAGE STANDARD\n(3rd seat)','w/o'),(1,2,'MASSAGE STANDARD\n(FR seat)','w/o'),(1,2,'Max C.W.\nFR','-'),(1,2,'Max C.W.\nRR','-'),(1,2,'Max C.W.\nTotal','-'),(1,2,'MEDIA','-'),(1,2,'Meter','Full TFT'),(1,2,'Meter Display Size','14inch'),(1,2,'METER UNIT','FULL TFT'),(1,2,'MICROPHONE','-'),(1,2,'MOVING OBJECT DETECTION (MOD)','w'),(1,2,'MUD GUARD','-'),(1,2,'NAVI','w'),(1,2,'Navi-size','14.3”​'),(1,2,'OCCUPANT MONITORING','S'),(1,2,'OCCUPANT MONITORING / CHILD PRESENCE DETECTION DIRECT','-'),(1,2,'OCCUPANT MONITORING / CHILD PRESENCE DETECTION INDIRECT','w'),(1,2,'OCCUPANTS SAFE EXIT','S'),(1,2,'OFF ROAD','-'),(1,2,'ONE PEDAL FUNCTION WITH STOP','S'),(1,2,'OUTSIDE CAMERA','S1'),(1,2,'OUTSIDE MIRROR\nアウトサイドミラー','S2'),(1,2,'OUTSIDE MIRROR','Electrrical Adjustment + Automatically Folding + Heated + Reverse Dr & As side'),(1,2,'OUTSIDE MIRROR ADJUST','S2'),(1,2,'OUTSIDE MIRROR MEMORY','w'),(1,2,'OUTSIDE TEMPERATURE METER','w'),(1,2,'OUTSIDE THERMO METER','w'),(1,2,'PADDLE Shift','w/o'),(1,2,'PADDLE SHIFT LEVER','w/o'),(1,2,'Panic Alarm','w'),(1,2,'PARK ASSIST','-'),(1,2,'PARKING ALERTS','S1'),(1,2,'PARKING ASSIST SYSTEM','w/o'),(1,2,'PARKING BRAKE TYPE','EPKB'),(1,2,'PARKING BRAKE TYPE AND ASSIST','EPKB'),(1,2,'PASSENGER AIRBAG','S'),(1,2,'PATH CONTROL','-'),(1,2,'PBD','w'),(1,2,'PCU','-'),(1,2,'PKB hand,foot','-'),(1,2,'PLUG AND CHARGE','w'),(1,2,'POST COLLISION AND BREAKDOWN','S'),(1,2,'POWER BACK DOOR','w'),(1,2,'Power Back Door(PBD)','w'),(1,2,'POWER OPEN/CLOSE SLIDE','-'),(1,2,'POWER SEAT','w'),(1,2,'Power Slide Door','-'),(1,2,'POWER STEERING','S1'),(1,2,'Power Trunk','-'),(1,2,'Powerwindow','-'),(1,2,'PRE CRASH','-'),(1,2,'predictive forward collision warning (pfcw)','S'),(1,2,'PROXIMITY RADAR','-'),(1,2,'PS','w'),(1,2,'PTC Heater','w'),(1,2,'PUDDLE LAMP','-'),(1,2,'RAIN SENSITIVE','w'),(1,2,'RAISED BRAKE LIGHT','-'),(1,2,'REAR  LAMP','w'),(1,2,'REAR AEB','w'),(1,2,'REAR CAMERA','w'),(1,2,'REAR CNTER SEAT BELT','-'),(1,2,'REAR DOOR OPENING','S1'),(1,2,'REAR DOOR WINDOW OPENING','S'),(1,2,'REAR DOOR WINDOW OPENING2','POWERED REAR WINDOW LIFT ✚ TIMER'),(1,2,'Rear Fog','w/o'),(1,2,'REAR FOG LAMP\nリアフォグランプ','-'),(1,2,'REAR FOG LAMP','-'),(1,2,'REAR GATE OPENING','S1'),(1,2,'REAR LIGHT\nリアライト\nリアコンビランプ','S'),(1,2,'REAR LIGHT','S'),(1,2,'REAR SCREEN','-'),(1,2,'REAR SCREEN SF','-'),(1,2,'REAR SCREEN WIPER','-'),(1,2,'REAR SEAT','S'),(1,2,'REAR SEAT ALERT','-'),(1,2,'REAR SEAT BELT PRETENSIONER','S'),(1,2,'REAR SEATS BELT','S'),(1,2,'REAR SPOILER','-'),(1,2,'REAR TOWING DEVICE','-'),(1,2,'REAR VIDEO SCREENS','-'),(1,2,'REAR VIEW CAMERA','w'),(1,2,'REAR VIEW MONITOR\n（RVM）','w/o'),(1,2,'REAR WINDOW','-'),(1,2,'REAR WINDOW OPENING SYSTE','S'),(1,2,'REAR WINDOW WIPER','-'),(1,2,'REAR WIPERS\nリアワイパー','-'),(1,2,'REGENERATIVE BRAKE FOR EV','-'),(1,2,'REGENERATIVE BRAKING TYPE','-'),(1,2,'REMOTE ENGINE STARTER','-'),(1,2,'REMOTE ENGINE STARTER (STAND ALONE)','-'),(1,2,'REMOTE ENGINE STARTER WITH KEY','-'),(1,2,'REMOTE PARKING','w/o'),(1,2,'RES','-'),(1,2,'REVERSIBLE CHARGER','VEHICLE TO LOAD (V2L) OUTSIDE'),(1,2,'RLS(Rain Light Sensor)','w/o'),(1,2,'ROD ANTENNA','-'),(1,2,'ROOF','S'),(1,2,'ROOF / SUNROOF','Glass Roof'),(1,2,'ROOF OPENING','Glass Roof'),(1,2,'Roof rack','-'),(1,2,'Roof rail','-'),(1,2,'ROOF RAIL AND CROSS BAR','-'),(1,2,'ROOM MIRROR','S1'),(1,2,'ROOM MIRROR / REAR VISIBILITY','S1'),(1,2,'ROOM MIRROR－AUTO DIMMING','w'),(1,2,'ROOM MIRROR－SMART REAR VIEW MIRROR','w/o'),(1,2,'RR BMPR-type','-'),(1,2,'RR BRAKE UNIT','-'),(1,2,'RR CAMERA','w'),(1,2,'RR FOG LAMP','-'),(1,2,'Rr Heater Seat','w/o'),(1,2,'RR POWER SLIDE  DOOR ','-'),(1,2,'RR SEAT HEATER','w/o'),(1,2,'RR SEAT HEATER AND COOLER','w/o'),(1,2,'RR SIDE RADAR','-'),(1,2,'RR SONAR','-'),(1,2,'RR SPOILER','-'),(1,2,'RR SUSP形式違い','-'),(1,2,'Rr 空調シート(Heater ＋ Cooler Seat)','w/o'),(1,2,'RVI CRUISE CONTROL','-'),(1,2,'SAFETY ACCESS FUNCTIONS','S'),(1,2,'Safety Driving','AD1e+Navilink'),(1,2,'SCENE RECORDER','-'),(1,2,'Seat adjustment','メモリーあり'),(1,2,'SEAT BELT NOT SECURED WAR','-'),(1,2,'SEAT BELT REMINDER','S'),(1,2,'SEAT HEATER','w'),(1,2,'SEAT HEATER AND COOLER','-'),(1,2,'SEAT HEATING','S1'),(1,2,'SEAT LINING','SYNTHETIC LEATHER B'),(1,2,'SEAT LINING.','SYNTHETIC LEATHER B'),(1,2,'SEAT TYPE','自動'),(1,2,'SETTINGS OF COMBI METER','S1'),(1,2,'SHARK FIN ANTENNA','w'),(1,2,'SIDE AIRBAG','S'),(1,2,'SIDE CURTAIN AIRBAG','S'),(1,2,'SIDE LIGHTS','-'),(1,2,'SIDE MARKER LAMP','-'),(1,2,'SIDE TURN SIGNAL','w'),(1,2,'Side visor','-'),(1,2,'SIZE OF COMBI METER SCREEN','14.3\" DISPLAY'),(1,2,'SMART REAR VIEW MIRROR','w/o'),(1,2,'SOCKET ACCESSORY','w'),(1,2,'SONER','-'),(1,2,'sound bubble','-'),(1,2,'SP1','-'),(1,2,'SP2','-'),(1,2,'SPARE WHEEL','w/o'),(1,2,'SPEAKER','S'),(1,2,'SPEED CUT','-'),(1,2,'SPEED LIMITER','-'),(1,2,'SPEED METER UNIT','FULL TFT'),(1,2,'Speed sensing lock','w'),(1,2,'SRVM','w/o'),(1,2,'Start Engine  type','I-key'),(1,2,'STATIONARY HEATER','-'),(1,2,'STEERING','S1'),(1,2,'STEERING SWITCH','S1'),(1,2,'STEERING SWITCHES','S1'),(1,2,'STEERING WHEEL','S1'),(1,2,'STEERING WHEEL ADJUSTMENT','S2'),(1,2,'STEERING WHEEL HEATER','w'),(1,2,'STRG Heater','w'),(1,2,'SUN VISOR LED LIGHT','S'),(1,2,'SUNROOF','w/o'),(1,2,'Sunroof visor','-'),(1,2,'Sunshade','basic'),(1,2,'SUSPENSION CONTROL','A'),(1,2,'SUSPENSION CONTROL VARIABLE DAMPING','A'),(1,2,'SUSPENSION TYPE','A'),(1,2,'TAILGATE/TRUNK OPENING\nPOWER OPEN/CLOSE','w'),(1,2,'TAILGATE/TRUNK OPENING','S1'),(1,2,'TAILGATE/TRUNK OPENING POWER OPEN/CLOSE','w'),(1,2,'TAILGATE/TRUNK OPENING POWER OPEN/CLOSE ✚ HANDS FREE','w/o'),(1,2,'TELEMATIC','-'),(1,2,'TELEMATIC DOORS LOCK','-'),(1,2,'TELEMATIC SYSTEM HYPOTHES','-'),(1,2,'TELEMATICS\n(EMERGENCY CALL SW)','-'),(1,2,'TIRE','235 ✚ 55 ✚ R19'),(1,2,'TIRE PRESSURE MONITOR','S'),(1,2,'TIRE PRESSURE MONITORING SYSTEM (TPMS)','S'),(1,2,'TIRE SIZE','235 ✚ 55 ✚ R19'),(1,2,'TIRE TYPE','-'),(1,2,'Touch Sensor  (I-key)','w'),(1,2,'TOWING CAPACITY','-'),(1,2,'TRACTION CONTROL SYSTEM','-'),(1,2,'TRAFFIC SIGN RECOGNITION','S'),(1,2,'TRAFFIC SIGN RECOGNITION (TSR)','w'),(1,2,'TRAFFIC SIGN RECOGNITION / SPEED LIMITATION INFORMATION','-'),(1,2,'TRUNK','-'),(1,2,'TSA','-'),(1,2,'TURN SIGNAL','S'),(1,2,'TURN SIGNAL LAMP','w'),(1,2,'TYPE OF COMBI METER','FULL TFT'),(1,2,'TYPE OF CONTROL','-'),(1,2,'TYPE OF DOOR-OPENER REMOT','-'),(1,2,'TYPE OF DRIVER SEAT ADJUS','S2'),(1,2,'TYPE OF HEAD UNIT HARDWARE & CCS SF','S'),(1,2,'TYPE OF PARK BRAKE','EPKB'),(1,2,'TYPE OF TIRES FR','235 ✚ 55 ✚ R19'),(1,2,'TYPE OF TIRES RR','235 ✚ 55 ✚ R19'),(1,2,'TYPES OF RADIOS','GAS NAVI'),(1,2,'UNIVERSAL GARAGE DOOR OPE','w'),(1,2,'UNIVERSAL GARAGE DOOR OPENER','w'),(1,2,'USB AND POWER SUPPLY','-'),(1,2,'USB AND POWER SUPPLY 2ND ROW','S'),(1,2,'USB AND POWER SUPPLY 3RD ROW','-'),(1,2,'USB AND POWER SUPPLY FR','S1'),(1,2,'USB AND POWER SUPPLY LUGGAGE','-'),(1,2,'VDC','S'),(1,2,'VDC(ﾋﾞｰｸﾙ ﾀﾞｲﾅﾐｸｽ ｺﾝﾄﾛｰﾙ)','w'),(1,2,'VEHICLE DYNAMICS CONTROL','-'),(1,2,'VEHICLE TO LOAD (V2L) OUTSIDE','w'),(1,2,'Ventilated(Heater&Cooler) Seat','w/o'),(1,2,'VIDEO SCREENS','-'),(1,2,'VOICE VEHICLE CONTROL','S1'),(1,2,'VR','w'),(1,2,'WELCOME & GOODBYE SEQUENCE','-'),(1,2,'Wheel Cover','-'),(1,2,'WHEEL COVERS-size','-'),(1,2,'WHEEL TYPE,SIZE','S'),(1,2,'Wheelサイズ','S'),(1,2,'Wheel材質','AL Wheel'),(1,2,'WINDOWS COLOUR','-'),(1,2,'WINDSCREEN','-'),(1,2,'WINDSCREEN HEATER','-'),(1,2,'WINDSCREEN WIPERS\nフロントワイパー','S1'),(1,2,'WINDSCREEN WIPERS','S1'),(1,2,'WIPER DEICER','-'),(1,2,'WIRELESS PHONE CHARGE','w'),(1,2,'WITH TIMER CHARGER','-'),(1,2,'ZONES OF AMBIENT LIGHTING','S2'),(1,2,'アンダーカバー','-'),(1,2,'ウィンドシールド取付構造','A'),(1,2,'ウィンドシールド形状','A'),(1,2,'ウインチ','-'),(1,2,'エアバッグシステム','A'),(1,2,'エネルギー\n吸収材仕様','A'),(1,2,'エンジンフード形状','A'),(1,2,'オットマン','-'),(1,2,'キャニスタ ORVR 追加','-'),(1,2,'ギアシフト','Shift by wire'),(1,2,'グリルシャッター','-'),(1,2,'コラムEPS','-'),(1,2,'コーナリングランプ','-'),(1,2,'サスペンション','A'),(1,2,'サンルーフ','w/o'),(1,2,'シル構造','A'),(1,2,'シートベルトアンカ位置','A'),(1,2,'シート材質','Leather'),(1,2,'シート機構','-'),(1,2,'スポーツシート','-'),(1,2,'スライドシート','w'),(1,2,'センターピラー構造','A'),(1,2,'トーイング','-'),(1,2,'バッテリクーラ','-'),(1,2,'バッテリヒータ','-'),(1,2,'バッテリー','-'),(1,2,'バンパ仕様','A'),(1,2,'フィラーチューブ','ー'),(1,2,'フューエルタンクの取り付け方式','ー'),(1,2,'フューエルタンクの材質','ー'),(1,2,'フューエルタンク形状','ー'),(1,2,'フューエルタンク搭載位置','ー'),(1,2,'フロントサイドマーカ','-'),(1,2,'フロントサイドメンバ構造','A'),(1,2,'フロントピラー構造','A'),(1,2,'フロントフェンダ外形','A'),(1,2,'フードヒンジ構造','A'),(1,2,'プロパイロット','w'),(1,2,'プロパイロットパーク','w/o'),(1,2,'ヘッドランプウオッシャー\n（HLC)','-'),(1,2,'ヘッドランプ外形','A'),(1,2,'マニュアルトランスミッション','-'),(1,2,'リアアンダーミラー','-'),(1,2,'リアカメラウオッシャー','-'),(1,2,'リア・サイド・メンバー / リア・サイド・フレームの形状','A'),(1,2,'リヤサイドマーカー','-'),(1,2,'ルーフサイド構造','A'),(1,2,'ワイパーデアイサー','-'),(1,2,'ワイパ外形','A'),(1,2,'三相(AC3)','-'),(1,2,'乗員H.P.','A'),(1,2,'内装違い','-'),(1,2,'冷却仕様','-'),(1,2,'前席ELR仕様','-'),(1,2,'助手席SEN仕様','-'),(1,2,'単相(AC1)','AC1'),(1,2,'外装イルミランプ','w/o'),(1,2,'外装違い\nナロー/ワイド、2/3ROW','-'),(1,2,'姿勢違い','-'),(1,2,'強電BAT MD/Cell違い','-'),(1,2,'強電BAT 容量違い','-'),(1,2,'後席ODS仕様','-'),(1,2,'後席シートスライド','-'),(1,2,'後席シートリクライニング','-'),(1,2,'後席プリテン装備','w'),(1,2,'後輪懸架装置','A'),(1,2,'油圧PS(パワステ)','w'),(1,2,'燃料供給方式','ー'),(1,2,'燃料系部品取り付け構造','ー'),(1,2,'燃料配管','ー'),(1,2,'直前直左鏡','-'),(1,2,'空調シート','w/o'),(1,2,'足元ランプ（ミラー付け）','-'),(1,2,'跳ね上げフード','-'),(1,2,'車体色','-'),(1,2,'通常のグリップ型アウトサイドハンドル、マニュアルヒドゥンハンドル','-'),(1,2,'金属製フットレスト','STANDARD'),(1,2,'電動格納式フラッシュアウトサイドハンドル付','w'),(1,2,'電装OPT','OPT無し'),(1,2,'ＳＴＲＧ固定式パドル','w/o'),(1,3,' HIGH BEAM ASSIST (HBA)','w'),(1,3,' LANE DEPARTURE PREVENTION (LDP)','w'),(1,3,' POWER OPEN/CLOSE SLIDE','-'),(1,3,'2nd row armrest','w'),(1,3,'2ND ROW HEATED SEAT','w'),(1,3,'2ND ROW SEAT BELT','S'),(1,3,'2ND ROW SEAT BELT REMINDER','S'),(1,3,'2ND ROW SEAT BELT REMINDER OCS','-'),(1,3,'2ND ROW SEAT COMFORT FEATURE','S'),(1,3,'2ND ROW SEAT HEATER AND COOLER','w/o'),(1,3,'2ND ROW SEAT TYPE AND ADJUSTMENT','S'),(1,3,'2ND ROW SEAT TYPE AND ADJUSTMENT.','BENCH'),(1,3,'2nd Seat\n3rd Seat','-'),(1,3,'3RD BRAKE LIGHT / HIGH MOUNT STOP LAMP','S'),(1,3,'3RD ROW SEAT BELT','-'),(1,3,'3RD ROW SEAT BELT REMINDER','-'),(1,3,'3RD ROW SEAT HEATER AND COOLER','-'),(1,3,'3rd Seat','-'),(1,3,'AC 120V or 240V 1500W OUTLET','w'),(1,3,'AC CHARGER','S'),(1,3,'AC INV\n(V2L_inside)','-'),(1,3,'AC PLUG STANDARD','w'),(1,3,'AC-INV','-'),(1,3,'Accel Pedal KD(キックダウン)','-'),(1,3,'ACTIVE SOUND CONTROL','-'),(1,3,'AD','AD2'),(1,3,'AD(AUTONOMOUS DRIVING)','AD2'),(1,3,'AD1','w/o'),(1,3,'AD2','w'),(1,3,'ADAPTIVE CRUISE CONTROL (ACC)','w'),(1,3,'ADAPTIVE DRIVING BEAM (ADB)','-'),(1,3,'ADAPTIVE FRONT LIGHTING SYSTE(AFS)','-'),(1,3,'ADB(ADAPTIVE DRIVING BEAM)','w/o'),(1,3,'ADDITIONAL HEATER FOR PASSENGERS','-'),(1,3,'ADDITIONAL REAR AIR CONDITIONING','-'),(1,3,'ADJUSTMENT OF HEADLIGHTS ','-'),(1,3,'AFS','-'),(1,3,'AIR CONDITIONER','AUTO A/C'),(1,3,'AIR CONDITIONING AND HEATING SYSTEM','S'),(1,3,'AIR CONDITIONING AND HEATING TYPE','S'),(1,3,'AIR CONTIONING AND HEATIN','S'),(1,3,'AIR TREATMENT','S'),(1,3,'AIRBAG CANCEL','S'),(1,3,'Alarm type','Perimeric'),(1,3,'ALS(Auto Light Sensor)','w'),(1,3,'Ambient light','Multi color'),(1,3,'Ambient lighting','マルチカラー'),(1,3,'ANC','S'),(1,3,'ANC (ACTIVE NOISE CANCELLATION)','S'),(1,3,'ANC / ACTIVE NOISE CANCELLATION / DRIVING SOUND CONTROL','S'),(1,3,'ANTENNA','SHARK FIN'),(1,3,'ANTI-LOCK BRAKING SYSTEM','S'),(1,3,'ANTI-THEFT DEVICES','w'),(1,3,'AROUND VIEW MONITOR\n（AVM）','D'),(1,3,'AROUND VIEW MONITOR','D'),(1,3,'AS HEATED SEAT','w'),(1,3,'AS SEAT COMFORT FEATURE','S'),(1,3,'AS SEAT HEATER ','w'),(1,3,'AS SEAT HEATER AND COOLER','S2'),(1,3,'AS SEAT TYPE AND ADJUSTMENT','S2'),(1,3,'AS SEAT TYPE AND ADJUSTMENT.','POWER'),(1,3,'ASCD','w'),(1,3,'ASL','-'),(1,3,'ASSISTANT SEAT BELT','S'),(1,3,'ATシフトデバイス','-'),(1,3,'AUDIO','IVI'),(1,3,'AUDIO & NAVIGATION','S'),(1,3,'AUDIO & NAVIGATION / TYPES OF RADIOS','S'),(1,3,'AUDIO LESS','-'),(1,3,'Audio Navigation','GAS NAVI'),(1,3,'AUDIO SYSTEM','BOSE'),(1,3,'AUDIO VISUAL','-'),(1,3,'AUTO CLOSER','w'),(1,3,'AUTO COMPASS','-'),(1,3,'AUTO EXTENTION LIGHT ','-'),(1,3,'AUTO HAZARD','w'),(1,3,'AUTO LEVELIZER','-'),(1,3,'Auto light','-'),(1,3,'AUTO LIGHT (ALS)','w'),(1,3,'AUTO LIGHT SYSTEM','w'),(1,3,'Auto Wiper','w'),(1,3,'AUTO WIPER AND AUTO LIGHT','-'),(1,3,'AUTOMATIC EMERGENCY BRAKING SYSTEM  (AEBS)','S2'),(1,3,'Automatically folding mirror','w'),(1,3,'AUTONOMOUS DRIVING','AD2'),(1,3,'AUTONOMOUS DRIVING SF','w'),(1,3,'AUTONOMOUS EMERGENCY STEERING','S'),(1,3,'AUTONOMOUS EMERGENCY STEERING (AES)','S'),(1,3,'BACKWARD COLLISION PREVEN','-'),(1,3,'Battery Charger For ELEC. VEH','S'),(1,3,'BATTERY HEATING','-'),(1,3,'BD-EPS(ベルトドライブEPS)','-'),(1,3,'BLACK BOX','-'),(1,3,'BLIND SPOT DETECTION','S'),(1,3,'BLIND SPOT INTERVENTION (BSI)','w'),(1,3,'BLIND SPOT WARNING (BSW)','w'),(1,3,'BOSE','w'),(1,3,'BOSE SPEAKER','w'),(1,3,'Brake lamp','LED'),(1,3,'Brake type','-'),(1,3,'BRAKING ASSISTANCE','S'),(1,3,'BULB REAR LAMP','-'),(1,3,'CAB違い','-'),(1,3,'CCS2','w'),(1,3,'CENTER CONSOLE','-'),(1,3,'CENTER CONSOLE 2ND ROW','-'),(1,3,'Central door locking','central door lock SW (DR)'),(1,3,'CHARGE WARNING LAMP','-'),(1,3,'CHARGER','SINGLE'),(1,3,'CITY ✚ REAR CROSS TRAFFIC ALERT (RCTA)','w'),(1,3,'CLUTCH CONTROL TYPE','-'),(1,3,'CLUTCH_UNIT','-'),(1,3,'COLD STARTING ASSISTANCE','-'),(1,3,'COMBI METER','FULL TFT'),(1,3,'COMBINATION SWITCH','S2'),(1,3,'Cross bar','-'),(1,3,'CRUISE CONTROL','w'),(1,3,'CRUISE CONTROL/SPEED LIMI','w'),(1,3,'CRUISE CONTROL/SPEED LIMITER','w'),(1,3,'DAS','-'),(1,3,'DAS(ダイレクトアダプティブステアリング)','-'),(1,3,'DAYTIME HEADLIGHTS','-'),(1,3,'DAYTIME RUNNING LIGHT','w'),(1,3,'DAYTIME RUNNING LIGHT (DRL)','w'),(1,3,'DAYTIME RUNNING LIGHTS','w'),(1,3,'DC CHARGER','w'),(1,3,'DCDC','-'),(1,3,'Delay Timer','w'),(1,3,'DIRECT ADAPTIVE STEERING','-'),(1,3,'DISPLAY AUDIO','w/o'),(1,3,'DOOR SAFETY','S'),(1,3,'DP-EPS(デュアルピニオンEPS)','-'),(1,3,'DR HEATED SEAT','w'),(1,3,'DR SEAT COMFORT FEATURE','S2'),(1,3,'DR SEAT HEATER AND COOLER','S2'),(1,3,'DR SEAT TYPE AND ADJUSTMENT','S2'),(1,3,'DR SEAT TYPE AND ADJUSTMENT.','POWER'),(1,3,'DRIVE EVENT RECORDER','S'),(1,3,'DRIVE RECORDER','w'),(1,3,'DRIVER ATTENTION ALERT','-'),(1,3,'DRIVER MONITORING','S2'),(1,3,'driver monitoring by steering','S2'),(1,3,'DRIVER\'S AIRBAG','S'),(1,3,'DRIVING ASSISTANCE','-'),(1,3,'DRIVING ASSITANCE','-'),(1,3,'Driving mode','ハードウェアタイプ'),(1,3,'DRIVING MODE 2WD','-'),(1,3,'DRIVING MODE 4WD','S'),(1,3,'DRIVING MODE CONTROL','S2'),(1,3,'DRL','w'),(1,3,'DVR','w'),(1,3,'DYNAMIC TURN INDICATOR','-'),(1,3,'E-DIMMING','-'),(1,3,'e-releace','-'),(1,3,'ECO DRIVING COACHING','-'),(1,3,'ECONOMIC DRIVING','w'),(1,3,'ECU付電動センサーストレージボックス','-'),(1,3,'ELECTRIC PARKING BRAKE','w'),(1,3,'ELECTRIC TOLL COLLECTION','-'),(1,3,'ELECTRICAL SIDE DOOR OPENING AND CLOSING','-'),(1,3,'EMERGENCY ASSIST FOR PEDAL MISAPPLICATION','-'),(1,3,'EMERGENCY BRAKE ASSIST (EBA / BA)','S'),(1,3,'EMERGENCY CALL AND BREAKDOWN','S'),(1,3,'EMERGENCY SIGNAL','-'),(1,3,'emergency steering assist/support (esa/ess)','S'),(1,3,'EMERGENCY STOP SIGNAL ','-'),(1,3,'ENERGY SMART MANAGEMENT','-'),(1,3,'ENG','-'),(1,3,'ENGINE REV COUNTER','-'),(1,3,'ENGINE START / POWER ON','w'),(1,3,'ENGINE START TYPE','w'),(1,3,'EPKB','w'),(1,3,'ESCL','-'),(1,3,'ESS','w'),(1,3,'ETC 2.0(ELECTRIC TOLL COLLECTION)','-'),(1,3,'EV CHARGE CONN TYPE','-'),(1,3,'EV SOUND FOR PEDESTRIANS','w'),(1,3,'EVSE','-'),(1,3,'Exh.仕様','-'),(1,3,'EXTERIOR MIRRORS RETRACTI','-'),(1,3,'EXTERIOR REAR VIEW MIRROR','S3'),(1,3,'FAP（フルオートパーク）','w'),(1,3,'FAR SIDE AIRBAG','S'),(1,3,'FLUSH DOOR HANDLE','w'),(1,3,'Flush handle','w'),(1,3,'FOG LIGHTS','-'),(1,3,'FORWARD COLLISION WARNING','S'),(1,3,'FORWARD EMERGENCY BRAKING','w'),(1,3,'FR BMPR-type','-'),(1,3,'FR CAMERA','w'),(1,3,'FR FOG LAMP','-'),(1,3,'FR FOG LAMP(HAROGEN)','-'),(1,3,'FR FOG LAMP(LED)','-'),(1,3,'FR Grill-type','-'),(1,3,'Fr Heater Seat','w'),(1,3,'FR RADAR','-'),(1,3,'FR SEAT HEATER','w'),(1,3,'FR SEAT HEATER AND COOLER','w'),(1,3,'FR SIDE CAMERA','-'),(1,3,'FR SIDE RADAR','-'),(1,3,'FR SONAR','-'),(1,3,'FR SUSP形式違い','B'),(1,3,'Fr 空調シート(Heater ＋ Cooler Seat)','w'),(1,3,'FR:Multi\nRR:5link','-'),(1,3,'FR:Multi\nRR:LEAF','-'),(1,3,'FR:Multi\nRR:QI2','-'),(1,3,'FR:STRUT\nRR:3Link','-'),(1,3,'FR:STRUT\nRR:HT Beam','-'),(1,3,'FR:STRUT\nRR:Prarell','-'),(1,3,'FR:STRUT\nRR:QI2','-'),(1,3,'FR:STRUT\nRR:RM2','-'),(1,3,'FR:STRUT\nRR:TC','-'),(1,3,'FRONT  WINDOW OPENING SYS','S'),(1,3,'FRONT AIRBAG','S'),(1,3,'FRONT COLLISION WARNING','w'),(1,3,'FRONT DOOR WINDOW OPENING','S'),(1,3,'FRONT DOOR WINDOW OPENING2','POWERED FR WINDOW LIFT ✚ AUTO REVERSE ✚ DRIVER ONE TOUCH ✚ TIMER ✚ ALL WINDOW CONTROL PANEL'),(1,3,'Front Fog','w/o'),(1,3,'FRONT FOG LAMP\nフロントフォグランプ','-'),(1,3,'FRONT FOG LAMP','-'),(1,3,'FRONT ILLUMINATION LIGHT','-'),(1,3,'FRONT KNEE AIRBAGS','S'),(1,3,'FRONT LIGHT\nヘッドランプ','S'),(1,3,'FRONT LIGHT','S'),(1,3,'FRONT LIGHT/HEAD LAMP','S'),(1,3,'FRONT PASSENGER SEAT(S)','S2'),(1,3,'FRONT SEAT BELT','S'),(1,3,'FRONT SEAT BELT ADJUSTMEN','S'),(1,3,'FRONT SEAT BELT PRE-TENSIONER','S'),(1,3,'FRONT SEAT BELT PRETENSIONER','S'),(1,3,'FRONT SEAT BELT REMINDER','S'),(1,3,'FRONT SEATS TYPE','S2'),(1,3,'FRONT SIDE AIRBAG','S'),(1,3,'FRONT WINDSCREEN HEATER','w/o'),(1,3,'FRONT WINDSCREEN HEATER / HEATED FRONT SCREEN','w/o'),(1,3,'FRONT WINDSCREEN WIPER SP','S1'),(1,3,'FULL AUTO A/C (TOUCH PANEL TYPE)','-'),(1,3,'Full FlanK Protection(FKP)','w'),(1,3,'GALASS ANTENNA','-'),(1,3,'GEAR SHIFT AT','Shift by wire'),(1,3,'GEAR SPEED CONTROL TYPE','Shift by wire'),(1,3,'GLARE FREE HIGH BEAM STANDARD / ADAPTIVE DRIVING BEAM (ADB)','w/o'),(1,3,'GROUND ILLUMINATION','w'),(1,3,'HALOGEN HEADLAMP','w/o'),(1,3,'HAND FREE','w'),(1,3,'HANDS FREE POWER DOOR','-'),(1,3,'HBA(HIGH BEAM ASSIST)','w'),(1,3,'HDC','-'),(1,3,'HEAD LAMP LEVELIZER','-'),(1,3,'HEAD LAMPS TYPE','LED'),(1,3,'HEAD UNIT','NAVI'),(1,3,'Head Up Display','w'),(1,3,'HEAD UP DISPLAY (HUD)','w'),(1,3,'HEADLAMP CLEANER','-'),(1,3,'HEADLAMP TYPE','LED'),(1,3,'HEADLIGHT WASHER','-'),(1,3,'HEADLIGHT WIPERS','-'),(1,3,'HEAT PUMP','w'),(1,3,'HEATED SCREEN','-'),(1,3,'HEATER FOR EV','(AIR PTC)'),(1,3,'HEATER FOR EV / ADDITIONAL HEATER','S'),(1,3,'Heating windscreen','w/o'),(1,3,'HEPS(油圧電動パワステ)','-'),(1,3,'HEV/PHEV ENERGY MODE','-'),(1,3,'HIGH BEAM ASSIST','w'),(1,3,'HIGH BEAM ASSIST (HBA)','w'),(1,3,'HIGH MOUNTED STOP LAMP','-'),(1,3,'Hood visor','-'),(1,3,'HORN','DOUBLE'),(1,3,'HUD','w'),(1,3,'I-KEY ','S'),(1,3,'I-KEY (BADGE)','S'),(1,3,'ICC','w'),(1,3,'ICC(ｲﾝﾃﾘｼﾞｪﾝﾄ ｸﾙｰｽﾞ ｺﾝﾄﾛｰﾙ)','w'),(1,3,'IDM(ｲﾝﾃﾘｼﾞｪﾝﾄ ﾀﾞｲﾅﾐｸｽｺﾝﾄﾛｰﾙ ﾓｼﾞｭｰﾙ)','-'),(1,3,'Illumination BI','w'),(1,3,'IN-CAR COMMUNICATION','w'),(1,3,'INSIDE MIRROR\nインサイドミラー','w/o'),(1,3,'INTERIOR REAR VIEW MIRROR','w/o'),(1,3,'IONIZER','-'),(1,3,'IVC','-'),(1,3,'IVI','w'),(1,3,'IVI（NAVI/DA）','NAVI'),(1,3,'KEY SET','-'),(1,3,'Kick Sensor','w'),(1,3,'LANE DEPARTURE WARNING (LDW)','w'),(1,3,'LANE KEEP','S'),(1,3,'Lapプリテン装備','w'),(1,3,'LATERAL SUPPORT SYSTEM','S'),(1,3,'LEAD CAR DEPARTURE NOTIFICATION','S'),(1,3,'LEAD CAR DEPARTURE NOTIFICATION (LCDN)','S'),(1,3,'LED HEADLAMP','w'),(1,3,'LED LB','w'),(1,3,'LED REAR LAMP ','w'),(1,3,'LIGHTS-ON WARNING','-'),(1,3,'LOCAL NAVI','-'),(1,3,'LUGGAGE HOOK','-'),(1,3,'MANUAL LEVELIZER','-'),(1,3,'MAP LAMP','-'),(1,3,'MASSAGE STANDARD\n(2nd seat)','w/o'),(1,3,'MASSAGE STANDARD\n(3rd seat)','w/o'),(1,3,'MASSAGE STANDARD\n(FR seat)','w'),(1,3,'Max C.W.\nFR','-'),(1,3,'Max C.W.\nRR','-'),(1,3,'Max C.W.\nTotal','-'),(1,3,'MEDIA','-'),(1,3,'Meter','Full TFT'),(1,3,'Meter Display Size','14inch'),(1,3,'METER UNIT','FULL TFT'),(1,3,'MICROPHONE','-'),(1,3,'MOVING OBJECT DETECTION (MOD)','w'),(1,3,'MUD GUARD','-'),(1,3,'NAVI','w'),(1,3,'Navi-size','14.3”​'),(1,3,'OCCUPANT MONITORING','S'),(1,3,'OCCUPANT MONITORING / CHILD PRESENCE DETECTION DIRECT','-'),(1,3,'OCCUPANT MONITORING / CHILD PRESENCE DETECTION INDIRECT','w'),(1,3,'OCCUPANTS SAFE EXIT','S'),(1,3,'OFF ROAD','-'),(1,3,'ONE PEDAL FUNCTION WITH STOP','S'),(1,3,'OUTSIDE CAMERA','S3'),(1,3,'OUTSIDE MIRROR\nアウトサイドミラー','S3'),(1,3,'OUTSIDE MIRROR','Electrrical Adjustment + Automatically Folding + Heated + Reverse Dr & As side'),(1,3,'OUTSIDE MIRROR ADJUST','S3'),(1,3,'OUTSIDE MIRROR MEMORY','w'),(1,3,'OUTSIDE TEMPERATURE METER','w'),(1,3,'OUTSIDE THERMO METER','w'),(1,3,'PADDLE Shift','w'),(1,3,'PADDLE SHIFT LEVER','w'),(1,3,'Panic Alarm','w'),(1,3,'PARK ASSIST','S'),(1,3,'PARKING ALERTS','S2'),(1,3,'PARKING ASSIST SYSTEM','w'),(1,3,'PARKING BRAKE TYPE','EPKB'),(1,3,'PARKING BRAKE TYPE AND ASSIST','EPKB'),(1,3,'PASSENGER AIRBAG','S'),(1,3,'PATH CONTROL','-'),(1,3,'PBD','w'),(1,3,'PCU','-'),(1,3,'PKB hand,foot','-'),(1,3,'PLUG AND CHARGE','w'),(1,3,'POST COLLISION AND BREAKDOWN','S'),(1,3,'POWER BACK DOOR','w'),(1,3,'Power Back Door(PBD)','w'),(1,3,'POWER OPEN/CLOSE SLIDE','-'),(1,3,'POWER SEAT','w'),(1,3,'Power Slide Door','-'),(1,3,'POWER STEERING','S2'),(1,3,'Power Trunk','-'),(1,3,'Powerwindow','-'),(1,3,'PRE CRASH','-'),(1,3,'predictive forward collision warning (pfcw)','S'),(1,3,'PROXIMITY RADAR','-'),(1,3,'PS','w'),(1,3,'PTC Heater','w'),(1,3,'PUDDLE LAMP','-'),(1,3,'RAIN SENSITIVE','w'),(1,3,'RAISED BRAKE LIGHT','-'),(1,3,'REAR  LAMP','w'),(1,3,'REAR AEB','w'),(1,3,'REAR CAMERA','w'),(1,3,'REAR CNTER SEAT BELT','-'),(1,3,'REAR DOOR OPENING','S2'),(1,3,'REAR DOOR WINDOW OPENING','S'),(1,3,'REAR DOOR WINDOW OPENING2','POWERED REAR WINDOW LIFT ✚ TIMER'),(1,3,'Rear Fog','w/o'),(1,3,'REAR FOG LAMP\nリアフォグランプ','-'),(1,3,'REAR FOG LAMP','-'),(1,3,'REAR GATE OPENING','S2'),(1,3,'REAR LIGHT\nリアライト\nリアコンビランプ','S'),(1,3,'REAR LIGHT','S'),(1,3,'REAR SCREEN','-'),(1,3,'REAR SCREEN SF','-'),(1,3,'REAR SCREEN WIPER','-'),(1,3,'REAR SEAT','S'),(1,3,'REAR SEAT ALERT','-'),(1,3,'REAR SEAT BELT PRETENSIONER','S'),(1,3,'REAR SEATS BELT','S'),(1,3,'REAR SPOILER','-'),(1,3,'REAR TOWING DEVICE','-'),(1,3,'REAR VIDEO SCREENS','-'),(1,3,'REAR VIEW CAMERA','w'),(1,3,'REAR VIEW MONITOR\n（RVM）','w/o'),(1,3,'REAR WINDOW','-'),(1,3,'REAR WINDOW OPENING SYSTE','S'),(1,3,'REAR WINDOW WIPER','-'),(1,3,'REAR WIPERS\nリアワイパー','-'),(1,3,'REGENERATIVE BRAKE FOR EV','-'),(1,3,'REGENERATIVE BRAKING TYPE','-'),(1,3,'REMOTE ENGINE STARTER','-'),(1,3,'REMOTE ENGINE STARTER (STAND ALONE)','-'),(1,3,'REMOTE ENGINE STARTER WITH KEY','-'),(1,3,'REMOTE PARKING','w/o'),(1,3,'RES','-'),(1,3,'REVERSIBLE CHARGER','VEHICLE TO LOAD (V2L) OUTSIDE'),(1,3,'RLS(Rain Light Sensor)','w/o'),(1,3,'ROD ANTENNA','-'),(1,3,'ROOF','S'),(1,3,'ROOF / SUNROOF','Glass Roof'),(1,3,'ROOF OPENING','Glass Roof'),(1,3,'Roof rack','-'),(1,3,'Roof rail','-'),(1,3,'ROOF RAIL AND CROSS BAR','-'),(1,3,'ROOM MIRROR','S2'),(1,3,'ROOM MIRROR / REAR VISIBILITY','S2'),(1,3,'ROOM MIRROR－AUTO DIMMING','w/o'),(1,3,'ROOM MIRROR－SMART REAR VIEW MIRROR','w'),(1,3,'RR BMPR-type','-'),(1,3,'RR BRAKE UNIT','-'),(1,3,'RR CAMERA','w'),(1,3,'RR FOG LAMP','-'),(1,3,'Rr Heater Seat','w'),(1,3,'RR POWER SLIDE  DOOR ','-'),(1,3,'RR SEAT HEATER','w'),(1,3,'RR SEAT HEATER AND COOLER','w/o'),(1,3,'RR SIDE RADAR','-'),(1,3,'RR SONAR','-'),(1,3,'RR SPOILER','-'),(1,3,'RR SUSP形式違い','-'),(1,3,'Rr 空調シート(Heater ＋ Cooler Seat)','w/o'),(1,3,'RVI CRUISE CONTROL','-'),(1,3,'SAFETY ACCESS FUNCTIONS','S'),(1,3,'Safety Driving','AD2'),(1,3,'SCENE RECORDER','S'),(1,3,'Seat adjustment','メモリーあり'),(1,3,'SEAT BELT NOT SECURED WAR','-'),(1,3,'SEAT BELT REMINDER','S'),(1,3,'SEAT HEATER','w'),(1,3,'SEAT HEATER AND COOLER','-'),(1,3,'SEAT HEATING','S2'),(1,3,'SEAT LINING','SYNTHETIC LEATHER C'),(1,3,'SEAT LINING.','SYNTHETIC LEATHER C'),(1,3,'SEAT TYPE','自動'),(1,3,'SETTINGS OF COMBI METER','S1'),(1,3,'SHARK FIN ANTENNA','w'),(1,3,'SIDE AIRBAG','S'),(1,3,'SIDE CURTAIN AIRBAG','S'),(1,3,'SIDE LIGHTS','-'),(1,3,'SIDE MARKER LAMP','-'),(1,3,'SIDE TURN SIGNAL','w'),(1,3,'Side visor','-'),(1,3,'SIZE OF COMBI METER SCREEN','14.3\" DISPLAY'),(1,3,'SMART REAR VIEW MIRROR','w'),(1,3,'SOCKET ACCESSORY','w'),(1,3,'SONER','-'),(1,3,'sound bubble','S'),(1,3,'SP1','-'),(1,3,'SP2','-'),(1,3,'SPARE WHEEL','w/o'),(1,3,'SPEAKER','S2'),(1,3,'SPEED CUT','-'),(1,3,'SPEED LIMITER','-'),(1,3,'SPEED METER UNIT','FULL TFT'),(1,3,'Speed sensing lock','w'),(1,3,'SRVM','w'),(1,3,'Start Engine  type','I-key'),(1,3,'STATIONARY HEATER','-'),(1,3,'STEERING','S2'),(1,3,'STEERING SWITCH','S2'),(1,3,'STEERING SWITCHES','S2'),(1,3,'STEERING WHEEL','S2'),(1,3,'STEERING WHEEL ADJUSTMENT','S2'),(1,3,'STEERING WHEEL HEATER','w'),(1,3,'STRG Heater','w'),(1,3,'SUN VISOR LED LIGHT','S'),(1,3,'SUNROOF','w/o'),(1,3,'Sunroof visor','-'),(1,3,'Sunshade','basic'),(1,3,'SUSPENSION CONTROL','B'),(1,3,'SUSPENSION CONTROL VARIABLE DAMPING','B'),(1,3,'SUSPENSION TYPE','B'),(1,3,'TAILGATE/TRUNK OPENING\nPOWER OPEN/CLOSE','w'),(1,3,'TAILGATE/TRUNK OPENING','S2'),(1,3,'TAILGATE/TRUNK OPENING POWER OPEN/CLOSE','w'),(1,3,'TAILGATE/TRUNK OPENING POWER OPEN/CLOSE ✚ HANDS FREE','w'),(1,3,'TELEMATIC','-'),(1,3,'TELEMATIC DOORS LOCK','-'),(1,3,'TELEMATIC SYSTEM HYPOTHES','-'),(1,3,'TELEMATICS\n(EMERGENCY CALL SW)','-'),(1,3,'TIRE','255 ✚ 40 ✚ R21'),(1,3,'TIRE PRESSURE MONITOR','S'),(1,3,'TIRE PRESSURE MONITORING SYSTEM (TPMS)','S'),(1,3,'TIRE SIZE','255 ✚ 40 ✚ R21'),(1,3,'TIRE TYPE','-'),(1,3,'Touch Sensor  (I-key)','w'),(1,3,'TOWING CAPACITY','-'),(1,3,'TRACTION CONTROL SYSTEM','-'),(1,3,'TRAFFIC SIGN RECOGNITION','S'),(1,3,'TRAFFIC SIGN RECOGNITION (TSR)','w'),(1,3,'TRAFFIC SIGN RECOGNITION / SPEED LIMITATION INFORMATION','-'),(1,3,'TRUNK','-'),(1,3,'TSA','-'),(1,3,'TURN SIGNAL','S'),(1,3,'TURN SIGNAL LAMP','w'),(1,3,'TYPE OF COMBI METER','FULL TFT'),(1,3,'TYPE OF CONTROL','-'),(1,3,'TYPE OF DOOR-OPENER REMOT','-'),(1,3,'TYPE OF DRIVER SEAT ADJUS','S2'),(1,3,'TYPE OF HEAD UNIT HARDWARE & CCS SF','S'),(1,3,'TYPE OF PARK BRAKE','EPKB'),(1,3,'TYPE OF TIRES FR','255 ✚ 40 ✚ R21'),(1,3,'TYPE OF TIRES RR','255 ✚ 40 ✚ R21'),(1,3,'TYPES OF RADIOS','GAS NAVI'),(1,3,'UNIVERSAL GARAGE DOOR OPE','w'),(1,3,'UNIVERSAL GARAGE DOOR OPENER','w'),(1,3,'USB AND POWER SUPPLY','-'),(1,3,'USB AND POWER SUPPLY 2ND ROW','S'),(1,3,'USB AND POWER SUPPLY 3RD ROW','-'),(1,3,'USB AND POWER SUPPLY FR','S2'),(1,3,'USB AND POWER SUPPLY LUGGAGE','-'),(1,3,'VDC','S'),(1,3,'VDC(ﾋﾞｰｸﾙ ﾀﾞｲﾅﾐｸｽ ｺﾝﾄﾛｰﾙ)','w'),(1,3,'VEHICLE DYNAMICS CONTROL','-'),(1,3,'VEHICLE TO LOAD (V2L) OUTSIDE','w'),(1,3,'Ventilated(Heater&Cooler) Seat','w'),(1,3,'VIDEO SCREENS','-'),(1,3,'VOICE VEHICLE CONTROL','S3'),(1,3,'VR','w'),(1,3,'WELCOME & GOODBYE SEQUENCE','-'),(1,3,'Wheel Cover','-'),(1,3,'WHEEL COVERS-size','-'),(1,3,'WHEEL TYPE,SIZE','D'),(1,3,'Wheelサイズ','D'),(1,3,'Wheel材質','AL Wheel'),(1,3,'WINDOWS COLOUR','-'),(1,3,'WINDSCREEN','-'),(1,3,'WINDSCREEN HEATER','-'),(1,3,'WINDSCREEN WIPERS\nフロントワイパー','S1'),(1,3,'WINDSCREEN WIPERS','S1'),(1,3,'WIPER DEICER','-'),(1,3,'WIRELESS PHONE CHARGE','w'),(1,3,'WITH TIMER CHARGER','-'),(1,3,'ZONES OF AMBIENT LIGHTING','S2'),(1,3,'アンダーカバー','-'),(1,3,'ウィンドシールド取付構造','A'),(1,3,'ウィンドシールド形状','A'),(1,3,'ウインチ','-'),(1,3,'エアバッグシステム','A'),(1,3,'エネルギー\n吸収材仕様','A'),(1,3,'エンジンフード形状','A'),(1,3,'オットマン','-'),(1,3,'キャニスタ ORVR 追加','-'),(1,3,'ギアシフト','Shift by wire'),(1,3,'グリルシャッター','-'),(1,3,'コラムEPS','-'),(1,3,'コーナリングランプ','-'),(1,3,'サスペンション','B'),(1,3,'サンルーフ','w/o'),(1,3,'シル構造','A'),(1,3,'シートベルトアンカ位置','A'),(1,3,'シート材質','Leather'),(1,3,'シート機構','-'),(1,3,'スポーツシート','-'),(1,3,'スライドシート','w'),(1,3,'センターピラー構造','A'),(1,3,'トーイング','-'),(1,3,'バッテリクーラ','-'),(1,3,'バッテリヒータ','-'),(1,3,'バッテリー','-'),(1,3,'バンパ仕様','A'),(1,3,'フィラーチューブ','ー'),(1,3,'フューエルタンクの取り付け方式','ー'),(1,3,'フューエルタンクの材質','ー'),(1,3,'フューエルタンク形状','ー'),(1,3,'フューエルタンク搭載位置','ー'),(1,3,'フロントサイドマーカ','-'),(1,3,'フロントサイドメンバ構造','A'),(1,3,'フロントピラー構造','A'),(1,3,'フロントフェンダ外形','A'),(1,3,'フードヒンジ構造','A'),(1,3,'プロパイロット','w'),(1,3,'プロパイロットパーク','w'),(1,3,'ヘッドランプウオッシャー\n（HLC)','-'),(1,3,'ヘッドランプ外形','A'),(1,3,'マニュアルトランスミッション','-'),(1,3,'リアアンダーミラー','-'),(1,3,'リアカメラウオッシャー','-'),(1,3,'リア・サイド・メンバー / リア・サイド・フレームの形状','A'),(1,3,'リヤサイドマーカー','-'),(1,3,'ルーフサイド構造','A'),(1,3,'ワイパーデアイサー','-'),(1,3,'ワイパ外形','A'),(1,3,'三相(AC3)','-'),(1,3,'乗員H.P.','A'),(1,3,'内装違い','-'),(1,3,'冷却仕様','-'),(1,3,'前席ELR仕様','-'),(1,3,'助手席SEN仕様','-'),(1,3,'単相(AC1)','AC1'),(1,3,'外装イルミランプ','Coutesy lamp'),(1,3,'外装違い\nナロー/ワイド、2/3ROW','-'),(1,3,'姿勢違い','-'),(1,3,'強電BAT MD/Cell違い','-'),(1,3,'強電BAT 容量違い','-'),(1,3,'後席ODS仕様','-'),(1,3,'後席シートスライド','-'),(1,3,'後席シートリクライニング','-'),(1,3,'後席プリテン装備','w'),(1,3,'後輪懸架装置','A'),(1,3,'油圧PS(パワステ)','w/o'),(1,3,'燃料供給方式','ー'),(1,3,'燃料系部品取り付け構造','ー'),(1,3,'燃料配管','ー'),(1,3,'直前直左鏡','-'),(1,3,'空調シート','w'),(1,3,'足元ランプ（ミラー付け）','-'),(1,3,'跳ね上げフード','-'),(1,3,'車体色','-'),(1,3,'通常のグリップ型アウトサイドハンドル、マニュアルヒドゥンハンドル','-'),(1,3,'金属製フットレスト','STANDARD'),(1,3,'電動格納式フラッシュアウトサイドハンドル付','w'),(1,3,'電装OPT','Full OPT'),(1,3,'ＳＴＲＧ固定式パドル','w'),(1,4,' HIGH BEAM ASSIST (HBA)','w'),(1,4,' LANE DEPARTURE PREVENTION (LDP)','w'),(1,4,' POWER OPEN/CLOSE SLIDE','-'),(1,4,'2nd row armrest','w'),(1,4,'2ND ROW HEATED SEAT','w/o'),(1,4,'2ND ROW SEAT BELT','S'),(1,4,'2ND ROW SEAT BELT REMINDER','S'),(1,4,'2ND ROW SEAT BELT REMINDER OCS','-'),(1,4,'2ND ROW SEAT COMFORT FEATURE','S'),(1,4,'2ND ROW SEAT HEATER AND COOLER','w/o'),(1,4,'2ND ROW SEAT TYPE AND ADJUSTMENT','S'),(1,4,'2ND ROW SEAT TYPE AND ADJUSTMENT.','BENCH'),(1,4,'2nd Seat\n3rd Seat','-'),(1,4,'3RD BRAKE LIGHT / HIGH MOUNT STOP LAMP','S'),(1,4,'3RD ROW SEAT BELT','-'),(1,4,'3RD ROW SEAT BELT REMINDER','-'),(1,4,'3RD ROW SEAT HEATER AND COOLER','-'),(1,4,'3rd Seat','-'),(1,4,'AC 120V or 240V 1500W OUTLET','w'),(1,4,'AC CHARGER','S'),(1,4,'AC INV\n(V2L_inside)','-'),(1,4,'AC PLUG STANDARD','w'),(1,4,'AC-INV','-'),(1,4,'Accel Pedal KD(キックダウン)','-'),(1,4,'ACTIVE SOUND CONTROL','-'),(1,4,'AD','AD1 NEXT'),(1,4,'AD(AUTONOMOUS DRIVING)','AD1'),(1,4,'AD1','w'),(1,4,'AD2','w/o'),(1,4,'ADAPTIVE CRUISE CONTROL (ACC)','w'),(1,4,'ADAPTIVE DRIVING BEAM (ADB)','-'),(1,4,'ADAPTIVE FRONT LIGHTING SYSTE(AFS)','-'),(1,4,'ADB(ADAPTIVE DRIVING BEAM)','w/o'),(1,4,'ADDITIONAL HEATER FOR PASSENGERS','-'),(1,4,'ADDITIONAL REAR AIR CONDITIONING','-'),(1,4,'ADJUSTMENT OF HEADLIGHTS ','-'),(1,4,'AFS','-'),(1,4,'AIR CONDITIONER','AUTO A/C'),(1,4,'AIR CONDITIONING AND HEATING SYSTEM','S'),(1,4,'AIR CONDITIONING AND HEATING TYPE','S'),(1,4,'AIR CONTIONING AND HEATIN','S'),(1,4,'AIR TREATMENT','S'),(1,4,'AIRBAG CANCEL','S'),(1,4,'Alarm type','Perimeric'),(1,4,'ALS(Auto Light Sensor)','w'),(1,4,'Ambient light','Mono color ambient'),(1,4,'Ambient lighting','モノかラー'),(1,4,'ANC','-'),(1,4,'ANC (ACTIVE NOISE CANCELLATION)','-'),(1,4,'ANC / ACTIVE NOISE CANCELLATION / DRIVING SOUND CONTROL','-'),(1,4,'ANTENNA','SHARK FIN'),(1,4,'ANTI-LOCK BRAKING SYSTEM','S'),(1,4,'ANTI-THEFT DEVICES','w'),(1,4,'AROUND VIEW MONITOR\n（AVM）','-'),(1,4,'AROUND VIEW MONITOR','w/o'),(1,4,'AS HEATED SEAT','w'),(1,4,'AS SEAT COMFORT FEATURE','w/o'),(1,4,'AS SEAT HEATER ','w'),(1,4,'AS SEAT HEATER AND COOLER','S1'),(1,4,'AS SEAT TYPE AND ADJUSTMENT','S1'),(1,4,'AS SEAT TYPE AND ADJUSTMENT.','POWER'),(1,4,'ASCD','w'),(1,4,'ASL','-'),(1,4,'ASSISTANT SEAT BELT','S'),(1,4,'ATシフトデバイス','-'),(1,4,'AUDIO','IVI'),(1,4,'AUDIO & NAVIGATION','S'),(1,4,'AUDIO & NAVIGATION / TYPES OF RADIOS','S'),(1,4,'AUDIO LESS','-'),(1,4,'Audio Navigation','GAS NAVI'),(1,4,'AUDIO SYSTEM','non-BOSE'),(1,4,'AUDIO VISUAL','-'),(1,4,'AUTO CLOSER','w'),(1,4,'AUTO COMPASS','-'),(1,4,'AUTO EXTENTION LIGHT ','-'),(1,4,'AUTO HAZARD','w'),(1,4,'AUTO LEVELIZER','-'),(1,4,'Auto light','-'),(1,4,'AUTO LIGHT (ALS)','w'),(1,4,'AUTO LIGHT SYSTEM','w'),(1,4,'Auto Wiper','w'),(1,4,'AUTO WIPER AND AUTO LIGHT','-'),(1,4,'AUTOMATIC EMERGENCY BRAKING SYSTEM  (AEBS)','S1'),(1,4,'Automatically folding mirror','w'),(1,4,'AUTONOMOUS DRIVING','AD1'),(1,4,'AUTONOMOUS DRIVING SF','-'),(1,4,'AUTONOMOUS EMERGENCY STEERING','S'),(1,4,'AUTONOMOUS EMERGENCY STEERING (AES)','S'),(1,4,'BACKWARD COLLISION PREVEN','-'),(1,4,'Battery Charger For ELEC. VEH','S'),(1,4,'BATTERY HEATING','-'),(1,4,'BD-EPS(ベルトドライブEPS)','-'),(1,4,'BLACK BOX','-'),(1,4,'BLIND SPOT DETECTION','S'),(1,4,'BLIND SPOT INTERVENTION (BSI)','w'),(1,4,'BLIND SPOT WARNING (BSW)','w'),(1,4,'BOSE','w/o'),(1,4,'BOSE SPEAKER','w/o'),(1,4,'Brake lamp','LED'),(1,4,'Brake type','-'),(1,4,'BRAKING ASSISTANCE','S'),(1,4,'BULB REAR LAMP','-'),(1,4,'CAB違い','-'),(1,4,'CCS2','w'),(1,4,'CENTER CONSOLE','-'),(1,4,'CENTER CONSOLE 2ND ROW','-'),(1,4,'Central door locking','central door lock SW (DR)'),(1,4,'CHARGE WARNING LAMP','-'),(1,4,'CHARGER','SINGLE'),(1,4,'CITY ✚ REAR CROSS TRAFFIC ALERT (RCTA)','w/o'),(1,4,'CLUTCH CONTROL TYPE','-'),(1,4,'CLUTCH_UNIT','-'),(1,4,'COLD STARTING ASSISTANCE','-'),(1,4,'COMBI METER','FULL TFT'),(1,4,'COMBINATION SWITCH','S1'),(1,4,'Cross bar','-'),(1,4,'CRUISE CONTROL','w'),(1,4,'CRUISE CONTROL/SPEED LIMI','w'),(1,4,'CRUISE CONTROL/SPEED LIMITER','w'),(1,4,'DAS','-'),(1,4,'DAS(ダイレクトアダプティブステアリング)','-'),(1,4,'DAYTIME HEADLIGHTS','-'),(1,4,'DAYTIME RUNNING LIGHT','w'),(1,4,'DAYTIME RUNNING LIGHT (DRL)','w'),(1,4,'DAYTIME RUNNING LIGHTS','w'),(1,4,'DC CHARGER','w'),(1,4,'DCDC','-'),(1,4,'Delay Timer','w'),(1,4,'DIRECT ADAPTIVE STEERING','-'),(1,4,'DISPLAY AUDIO','w/o'),(1,4,'DOOR SAFETY','S'),(1,4,'DP-EPS(デュアルピニオンEPS)','-'),(1,4,'DR HEATED SEAT','w'),(1,4,'DR SEAT COMFORT FEATURE','w/o'),(1,4,'DR SEAT HEATER AND COOLER','S1'),(1,4,'DR SEAT TYPE AND ADJUSTMENT','S1'),(1,4,'DR SEAT TYPE AND ADJUSTMENT.','POWER'),(1,4,'DRIVE EVENT RECORDER','-'),(1,4,'DRIVE RECORDER','w/o'),(1,4,'DRIVER ATTENTION ALERT','-'),(1,4,'DRIVER MONITORING','S1'),(1,4,'driver monitoring by steering','S1'),(1,4,'DRIVER\'S AIRBAG','S'),(1,4,'DRIVING ASSISTANCE','-'),(1,4,'DRIVING ASSITANCE','-'),(1,4,'Driving mode','ハードウェアタイプ'),(1,4,'DRIVING MODE 2WD','S'),(1,4,'DRIVING MODE 4WD','-'),(1,4,'DRIVING MODE CONTROL','S1'),(1,4,'DRL','w'),(1,4,'DVR','w/o'),(1,4,'DYNAMIC TURN INDICATOR','-'),(1,4,'E-DIMMING','-'),(1,4,'e-releace','-'),(1,4,'ECO DRIVING COACHING','-'),(1,4,'ECONOMIC DRIVING','w'),(1,4,'ECU付電動センサーストレージボックス','-'),(1,4,'ELECTRIC PARKING BRAKE','w'),(1,4,'ELECTRIC TOLL COLLECTION','-'),(1,4,'ELECTRICAL SIDE DOOR OPENING AND CLOSING','-'),(1,4,'EMERGENCY ASSIST FOR PEDAL MISAPPLICATION','-'),(1,4,'EMERGENCY BRAKE ASSIST (EBA / BA)','S'),(1,4,'EMERGENCY CALL AND BREAKDOWN','S'),(1,4,'EMERGENCY SIGNAL','-'),(1,4,'emergency steering assist/support (esa/ess)','S'),(1,4,'EMERGENCY STOP SIGNAL ','-'),(1,4,'ENERGY SMART MANAGEMENT','-'),(1,4,'ENG','-'),(1,4,'ENGINE REV COUNTER','-'),(1,4,'ENGINE START / POWER ON','w'),(1,4,'ENGINE START TYPE','w'),(1,4,'EPKB','w'),(1,4,'ESCL','-'),(1,4,'ESS','w'),(1,4,'ETC 2.0(ELECTRIC TOLL COLLECTION)','-'),(1,4,'EV CHARGE CONN TYPE','-'),(1,4,'EV SOUND FOR PEDESTRIANS','w'),(1,4,'EVSE','-'),(1,4,'Exh.仕様','-'),(1,4,'EXTERIOR MIRRORS RETRACTI','-'),(1,4,'EXTERIOR REAR VIEW MIRROR','S1'),(1,4,'FAP（フルオートパーク）','-'),(1,4,'FAR SIDE AIRBAG','S'),(1,4,'FLUSH DOOR HANDLE','w'),(1,4,'Flush handle','w'),(1,4,'FOG LIGHTS','-'),(1,4,'FORWARD COLLISION WARNING','S'),(1,4,'FORWARD EMERGENCY BRAKING','w'),(1,4,'FR BMPR-type','-'),(1,4,'FR CAMERA','w/o'),(1,4,'FR FOG LAMP','-'),(1,4,'FR FOG LAMP(HAROGEN)','-'),(1,4,'FR FOG LAMP(LED)','-'),(1,4,'FR Grill-type','-'),(1,4,'Fr Heater Seat','w'),(1,4,'FR RADAR','-'),(1,4,'FR SEAT HEATER','w'),(1,4,'FR SEAT HEATER AND COOLER','w/o'),(1,4,'FR SIDE CAMERA','-'),(1,4,'FR SIDE RADAR','-'),(1,4,'FR SONAR','-'),(1,4,'FR SUSP形式違い','A'),(1,4,'Fr 空調シート(Heater ＋ Cooler Seat)','w/o'),(1,4,'FR:Multi\nRR:5link','-'),(1,4,'FR:Multi\nRR:LEAF','-'),(1,4,'FR:Multi\nRR:QI2','-'),(1,4,'FR:STRUT\nRR:3Link','-'),(1,4,'FR:STRUT\nRR:HT Beam','-'),(1,4,'FR:STRUT\nRR:Prarell','-'),(1,4,'FR:STRUT\nRR:QI2','-'),(1,4,'FR:STRUT\nRR:RM2','-'),(1,4,'FR:STRUT\nRR:TC','-'),(1,4,'FRONT  WINDOW OPENING SYS','S'),(1,4,'FRONT AIRBAG','S'),(1,4,'FRONT COLLISION WARNING','w'),(1,4,'FRONT DOOR WINDOW OPENING','S'),(1,4,'FRONT DOOR WINDOW OPENING2','POWERED FR WINDOW LIFT ✚ AUTO REVERSE ✚ DRIVER ONE TOUCH ✚ TIMER ✚ ALL WINDOW CONTROL PANEL'),(1,4,'Front Fog','w/o'),(1,4,'FRONT FOG LAMP\nフロントフォグランプ','-'),(1,4,'FRONT FOG LAMP','-'),(1,4,'FRONT ILLUMINATION LIGHT','-'),(1,4,'FRONT KNEE AIRBAGS','S'),(1,4,'FRONT LIGHT\nヘッドランプ','S'),(1,4,'FRONT LIGHT','S'),(1,4,'FRONT LIGHT/HEAD LAMP','S'),(1,4,'FRONT PASSENGER SEAT(S)','S1'),(1,4,'FRONT SEAT BELT','S'),(1,4,'FRONT SEAT BELT ADJUSTMEN','S'),(1,4,'FRONT SEAT BELT PRE-TENSIONER','S'),(1,4,'FRONT SEAT BELT PRETENSIONER','S'),(1,4,'FRONT SEAT BELT REMINDER','S'),(1,4,'FRONT SEATS TYPE','S1'),(1,4,'FRONT SIDE AIRBAG','S'),(1,4,'FRONT WINDSCREEN HEATER','w/o'),(1,4,'FRONT WINDSCREEN HEATER / HEATED FRONT SCREEN','w/o'),(1,4,'FRONT WINDSCREEN WIPER SP','S2'),(1,4,'FULL AUTO A/C (TOUCH PANEL TYPE)','-'),(1,4,'Full FlanK Protection(FKP)','w/o'),(1,4,'GALASS ANTENNA','-'),(1,4,'GEAR SHIFT AT','Shift by wire'),(1,4,'GEAR SPEED CONTROL TYPE','Shift by wire'),(1,4,'GLARE FREE HIGH BEAM STANDARD / ADAPTIVE DRIVING BEAM (ADB)','w/o'),(1,4,'GROUND ILLUMINATION','w/o'),(1,4,'HALOGEN HEADLAMP','w/o'),(1,4,'HAND FREE','w/o'),(1,4,'HANDS FREE POWER DOOR','-'),(1,4,'HBA(HIGH BEAM ASSIST)','w'),(1,4,'HDC','-'),(1,4,'HEAD LAMP LEVELIZER','-'),(1,4,'HEAD LAMPS TYPE','LED'),(1,4,'HEAD UNIT','NAVI'),(1,4,'Head Up Display','w/o'),(1,4,'HEAD UP DISPLAY (HUD)','w/o'),(1,4,'HEADLAMP CLEANER','-'),(1,4,'HEADLAMP TYPE','LED'),(1,4,'HEADLIGHT WASHER','-'),(1,4,'HEADLIGHT WIPERS','-'),(1,4,'HEAT PUMP','w'),(1,4,'HEATED SCREEN','-'),(1,4,'HEATER FOR EV','(AIR PTC)'),(1,4,'HEATER FOR EV / ADDITIONAL HEATER','S'),(1,4,'Heating windscreen','w/o'),(1,4,'HEPS(油圧電動パワステ)','-'),(1,4,'HEV/PHEV ENERGY MODE','-'),(1,4,'HIGH BEAM ASSIST','w'),(1,4,'HIGH BEAM ASSIST (HBA)','w'),(1,4,'HIGH MOUNTED STOP LAMP','-'),(1,4,'Hood visor','-'),(1,4,'HORN','DOUBLE'),(1,4,'HUD','w/o'),(1,4,'I-KEY ','S'),(1,4,'I-KEY (BADGE)','S'),(1,4,'ICC','w'),(1,4,'ICC(ｲﾝﾃﾘｼﾞｪﾝﾄ ｸﾙｰｽﾞ ｺﾝﾄﾛｰﾙ)','w'),(1,4,'IDM(ｲﾝﾃﾘｼﾞｪﾝﾄ ﾀﾞｲﾅﾐｸｽｺﾝﾄﾛｰﾙ ﾓｼﾞｭｰﾙ)','-'),(1,4,'Illumination BI','w'),(1,4,'IN-CAR COMMUNICATION','w'),(1,4,'INSIDE MIRROR\nインサイドミラー','w'),(1,4,'INTERIOR REAR VIEW MIRROR','w'),(1,4,'IONIZER','-'),(1,4,'IVC','-'),(1,4,'IVI','w'),(1,4,'IVI（NAVI/DA）','NAVI'),(1,4,'KEY SET','-'),(1,4,'Kick Sensor','w/o'),(1,4,'LANE DEPARTURE WARNING (LDW)','w'),(1,4,'LANE KEEP','S'),(1,4,'Lapプリテン装備','w'),(1,4,'LATERAL SUPPORT SYSTEM','S'),(1,4,'LEAD CAR DEPARTURE NOTIFICATION','S'),(1,4,'LEAD CAR DEPARTURE NOTIFICATION (LCDN)','S'),(1,4,'LED HEADLAMP','w'),(1,4,'LED LB','w'),(1,4,'LED REAR LAMP ','w'),(1,4,'LIGHTS-ON WARNING','-'),(1,4,'LOCAL NAVI','-'),(1,4,'LUGGAGE HOOK','-'),(1,4,'MANUAL LEVELIZER','-'),(1,4,'MAP LAMP','-'),(1,4,'MASSAGE STANDARD\n(2nd seat)','w/o'),(1,4,'MASSAGE STANDARD\n(3rd seat)','w/o'),(1,4,'MASSAGE STANDARD\n(FR seat)','w/o'),(1,4,'Max C.W.\nFR','-'),(1,4,'Max C.W.\nRR','-'),(1,4,'Max C.W.\nTotal','-'),(1,4,'MEDIA','-'),(1,4,'Meter','Full TFT'),(1,4,'Meter Display Size','14inch'),(1,4,'METER UNIT','FULL TFT'),(1,4,'MICROPHONE','-'),(1,4,'MOVING OBJECT DETECTION (MOD)','w/o'),(1,4,'MUD GUARD','-'),(1,4,'NAVI','w'),(1,4,'Navi-size','14.3”​'),(1,4,'OCCUPANT MONITORING','S'),(1,4,'OCCUPANT MONITORING / CHILD PRESENCE DETECTION DIRECT','-'),(1,4,'OCCUPANT MONITORING / CHILD PRESENCE DETECTION INDIRECT','w'),(1,4,'OCCUPANTS SAFE EXIT','S'),(1,4,'OFF ROAD','-'),(1,4,'ONE PEDAL FUNCTION WITH STOP','S'),(1,4,'OUTSIDE CAMERA','S1'),(1,4,'OUTSIDE MIRROR\nアウトサイドミラー','S1'),(1,4,'OUTSIDE MIRROR','Electrrical Adjustment + Automatically Folding'),(1,4,'OUTSIDE MIRROR ADJUST','S1'),(1,4,'OUTSIDE MIRROR MEMORY','w/o'),(1,4,'OUTSIDE TEMPERATURE METER','w'),(1,4,'OUTSIDE THERMO METER','w'),(1,4,'PADDLE Shift','w/o'),(1,4,'PADDLE SHIFT LEVER','w/o'),(1,4,'Panic Alarm','w'),(1,4,'PARK ASSIST','-'),(1,4,'PARKING ALERTS','S1'),(1,4,'PARKING ASSIST SYSTEM','w/o'),(1,4,'PARKING BRAKE TYPE','EPKB'),(1,4,'PARKING BRAKE TYPE AND ASSIST','EPKB'),(1,4,'PASSENGER AIRBAG','S'),(1,4,'PATH CONTROL','-'),(1,4,'PBD','w'),(1,4,'PCU','-'),(1,4,'PKB hand,foot','-'),(1,4,'PLUG AND CHARGE','w'),(1,4,'POST COLLISION AND BREAKDOWN','S'),(1,4,'POWER BACK DOOR','w'),(1,4,'Power Back Door(PBD)','w'),(1,4,'POWER OPEN/CLOSE SLIDE','-'),(1,4,'POWER SEAT','w'),(1,4,'Power Slide Door','-'),(1,4,'POWER STEERING','S1'),(1,4,'Power Trunk','-'),(1,4,'Powerwindow','-'),(1,4,'PRE CRASH','-'),(1,4,'predictive forward collision warning (pfcw)','S'),(1,4,'PROXIMITY RADAR','-'),(1,4,'PS','w'),(1,4,'PTC Heater','w'),(1,4,'PUDDLE LAMP','-'),(1,4,'RAIN SENSITIVE','w'),(1,4,'RAISED BRAKE LIGHT','-'),(1,4,'REAR  LAMP','w'),(1,4,'REAR AEB','w'),(1,4,'REAR CAMERA','w'),(1,4,'REAR CNTER SEAT BELT','-'),(1,4,'REAR DOOR OPENING','S1'),(1,4,'REAR DOOR WINDOW OPENING','S'),(1,4,'REAR DOOR WINDOW OPENING2','POWERED REAR WINDOW LIFT ✚ TIMER'),(1,4,'Rear Fog','w/o'),(1,4,'REAR FOG LAMP\nリアフォグランプ','-'),(1,4,'REAR FOG LAMP','-'),(1,4,'REAR GATE OPENING','S1'),(1,4,'REAR LIGHT\nリアライト\nリアコンビランプ','S'),(1,4,'REAR LIGHT','S'),(1,4,'REAR SCREEN','-'),(1,4,'REAR SCREEN SF','-'),(1,4,'REAR SCREEN WIPER','-'),(1,4,'REAR SEAT','S'),(1,4,'REAR SEAT ALERT','-'),(1,4,'REAR SEAT BELT PRETENSIONER','S'),(1,4,'REAR SEATS BELT','S'),(1,4,'REAR SPOILER','-'),(1,4,'REAR TOWING DEVICE','-'),(1,4,'REAR VIDEO SCREENS','-'),(1,4,'REAR VIEW CAMERA','w'),(1,4,'REAR VIEW MONITOR\n（RVM）','REAR VIEW CAMERA (DIGITAL)'),(1,4,'REAR WINDOW','-'),(1,4,'REAR WINDOW OPENING SYSTE','S'),(1,4,'REAR WINDOW WIPER','-'),(1,4,'REAR WIPERS\nリアワイパー','-'),(1,4,'REGENERATIVE BRAKE FOR EV','-'),(1,4,'REGENERATIVE BRAKING TYPE','-'),(1,4,'REMOTE ENGINE STARTER','-'),(1,4,'REMOTE ENGINE STARTER (STAND ALONE)','-'),(1,4,'REMOTE ENGINE STARTER WITH KEY','-'),(1,4,'REMOTE PARKING','w/o'),(1,4,'RES','-'),(1,4,'REVERSIBLE CHARGER','VEHICLE TO LOAD (V2L) OUTSIDE'),(1,4,'RLS(Rain Light Sensor)','w/o'),(1,4,'ROD ANTENNA','-'),(1,4,'ROOF','S'),(1,4,'ROOF / SUNROOF','Glass Roof'),(1,4,'ROOF OPENING','Glass Roof'),(1,4,'Roof rack','-'),(1,4,'Roof rail','-'),(1,4,'ROOF RAIL AND CROSS BAR','-'),(1,4,'ROOM MIRROR','S1'),(1,4,'ROOM MIRROR / REAR VISIBILITY','S1'),(1,4,'ROOM MIRROR－AUTO DIMMING','w'),(1,4,'ROOM MIRROR－SMART REAR VIEW MIRROR','w/o'),(1,4,'RR BMPR-type','-'),(1,4,'RR BRAKE UNIT','-'),(1,4,'RR CAMERA','w'),(1,4,'RR FOG LAMP','-'),(1,4,'Rr Heater Seat','w/o'),(1,4,'RR POWER SLIDE  DOOR ','-'),(1,4,'RR SEAT HEATER','w/o'),(1,4,'RR SEAT HEATER AND COOLER','w/o'),(1,4,'RR SIDE RADAR','-'),(1,4,'RR SONAR','-'),(1,4,'RR SPOILER','-'),(1,4,'RR SUSP形式違い','-'),(1,4,'Rr 空調シート(Heater ＋ Cooler Seat)','w/o'),(1,4,'RVI CRUISE CONTROL','-'),(1,4,'SAFETY ACCESS FUNCTIONS','S'),(1,4,'Safety Driving','AD1e'),(1,4,'SCENE RECORDER','-'),(1,4,'Seat adjustment','メモリーなし'),(1,4,'SEAT BELT NOT SECURED WAR','-'),(1,4,'SEAT BELT REMINDER','S'),(1,4,'SEAT HEATER','w'),(1,4,'SEAT HEATER AND COOLER','-'),(1,4,'SEAT HEATING','S1'),(1,4,'SEAT LINING','SYNTHETIC LEATHER A'),(1,4,'SEAT LINING.','SYNTHETIC LEATHER A'),(1,4,'SEAT TYPE','自動'),(1,4,'SETTINGS OF COMBI METER','S1'),(1,4,'SHARK FIN ANTENNA','w'),(1,4,'SIDE AIRBAG','S'),(1,4,'SIDE CURTAIN AIRBAG','S'),(1,4,'SIDE LIGHTS','-'),(1,4,'SIDE MARKER LAMP','-'),(1,4,'SIDE TURN SIGNAL','w'),(1,4,'Side visor','-'),(1,4,'SIZE OF COMBI METER SCREEN','14.3\" DISPLAY'),(1,4,'SMART REAR VIEW MIRROR','w/o'),(1,4,'SOCKET ACCESSORY','w'),(1,4,'SONER','-'),(1,4,'sound bubble','-'),(1,4,'SP1','-'),(1,4,'SP2','-'),(1,4,'SPARE WHEEL','w/o'),(1,4,'SPEAKER','S'),(1,4,'SPEED CUT','-'),(1,4,'SPEED LIMITER','-'),(1,4,'SPEED METER UNIT','FULL TFT'),(1,4,'Speed sensing lock','w'),(1,4,'SRVM','w/o'),(1,4,'Start Engine  type','I-key'),(1,4,'STATIONARY HEATER','-'),(1,4,'STEERING','S1'),(1,4,'STEERING SWITCH','S1'),(1,4,'STEERING SWITCHES','S1'),(1,4,'STEERING WHEEL','S1'),(1,4,'STEERING WHEEL ADJUSTMENT','S1'),(1,4,'STEERING WHEEL HEATER','w'),(1,4,'STRG Heater','w'),(1,4,'SUN VISOR LED LIGHT','S'),(1,4,'SUNROOF','w/o'),(1,4,'Sunroof visor','-'),(1,4,'Sunshade','basic'),(1,4,'SUSPENSION CONTROL','A'),(1,4,'SUSPENSION CONTROL VARIABLE DAMPING','A'),(1,4,'SUSPENSION TYPE','A'),(1,4,'TAILGATE/TRUNK OPENING\nPOWER OPEN/CLOSE','w'),(1,4,'TAILGATE/TRUNK OPENING','S1'),(1,4,'TAILGATE/TRUNK OPENING POWER OPEN/CLOSE','w'),(1,4,'TAILGATE/TRUNK OPENING POWER OPEN/CLOSE ✚ HANDS FREE','w/o'),(1,4,'TELEMATIC','-'),(1,4,'TELEMATIC DOORS LOCK','-'),(1,4,'TELEMATIC SYSTEM HYPOTHES','-'),(1,4,'TELEMATICS\n(EMERGENCY CALL SW)','-'),(1,4,'TIRE','235 ✚ 55 ✚ R19'),(1,4,'TIRE PRESSURE MONITOR','S'),(1,4,'TIRE PRESSURE MONITORING SYSTEM (TPMS)','S'),(1,4,'TIRE SIZE','235 ✚ 55 ✚ R19'),(1,4,'TIRE TYPE','-'),(1,4,'Touch Sensor  (I-key)','w'),(1,4,'TOWING CAPACITY','-'),(1,4,'TRACTION CONTROL SYSTEM','-'),(1,4,'TRAFFIC SIGN RECOGNITION','S'),(1,4,'TRAFFIC SIGN RECOGNITION (TSR)','w'),(1,4,'TRAFFIC SIGN RECOGNITION / SPEED LIMITATION INFORMATION','-'),(1,4,'TRUNK','-'),(1,4,'TSA','-'),(1,4,'TURN SIGNAL','S'),(1,4,'TURN SIGNAL LAMP','w'),(1,4,'TYPE OF COMBI METER','FULL TFT'),(1,4,'TYPE OF CONTROL','-'),(1,4,'TYPE OF DOOR-OPENER REMOT','-'),(1,4,'TYPE OF DRIVER SEAT ADJUS','S1'),(1,4,'TYPE OF HEAD UNIT HARDWARE & CCS SF','S'),(1,4,'TYPE OF PARK BRAKE','EPKB'),(1,4,'TYPE OF TIRES FR','235 ✚ 55 ✚ R19'),(1,4,'TYPE OF TIRES RR','235 ✚ 55 ✚ R19'),(1,4,'TYPES OF RADIOS','GAS NAVI'),(1,4,'UNIVERSAL GARAGE DOOR OPE','w'),(1,4,'UNIVERSAL GARAGE DOOR OPENER','w'),(1,4,'USB AND POWER SUPPLY','-'),(1,4,'USB AND POWER SUPPLY 2ND ROW','S'),(1,4,'USB AND POWER SUPPLY 3RD ROW','-'),(1,4,'USB AND POWER SUPPLY FR','S1'),(1,4,'USB AND POWER SUPPLY LUGGAGE','-'),(1,4,'VDC','S'),(1,4,'VDC(ﾋﾞｰｸﾙ ﾀﾞｲﾅﾐｸｽ ｺﾝﾄﾛｰﾙ)','w'),(1,4,'VEHICLE DYNAMICS CONTROL','-'),(1,4,'VEHICLE TO LOAD (V2L) OUTSIDE','w'),(1,4,'Ventilated(Heater&Cooler) Seat','w/o'),(1,4,'VIDEO SCREENS','-'),(1,4,'VOICE VEHICLE CONTROL','S1'),(1,4,'VR','w'),(1,4,'WELCOME & GOODBYE SEQUENCE','-'),(1,4,'Wheel Cover','-'),(1,4,'WHEEL COVERS-size','-'),(1,4,'WHEEL TYPE,SIZE','S'),(1,4,'Wheelサイズ','S'),(1,4,'Wheel材質','AL Wheel'),(1,4,'WINDOWS COLOUR','-'),(1,4,'WINDSCREEN','-'),(1,4,'WINDSCREEN HEATER','-'),(1,4,'WINDSCREEN WIPERS\nフロントワイパー','S2'),(1,4,'WINDSCREEN WIPERS','S2'),(1,4,'WIPER DEICER','-'),(1,4,'WIRELESS PHONE CHARGE','w'),(1,4,'WITH TIMER CHARGER','-'),(1,4,'ZONES OF AMBIENT LIGHTING','S1'),(1,4,'アンダーカバー','-'),(1,4,'ウィンドシールド取付構造','A'),(1,4,'ウィンドシールド形状','A'),(1,4,'ウインチ','-'),(1,4,'エアバッグシステム','A'),(1,4,'エネルギー\n吸収材仕様','A'),(1,4,'エンジンフード形状','A'),(1,4,'オットマン','-'),(1,4,'キャニスタ ORVR 追加','-'),(1,4,'ギアシフト','Shift by wire'),(1,4,'グリルシャッター','-'),(1,4,'コラムEPS','-'),(1,4,'コーナリングランプ','-'),(1,4,'サスペンション','A'),(1,4,'サンルーフ','w/o'),(1,4,'シル構造','A'),(1,4,'シートベルトアンカ位置','A'),(1,4,'シート材質','Leather'),(1,4,'シート機構','-'),(1,4,'スポーツシート','-'),(1,4,'スライドシート','w'),(1,4,'センターピラー構造','A'),(1,4,'トーイング','-'),(1,4,'バッテリクーラ','-'),(1,4,'バッテリヒータ','-'),(1,4,'バッテリー','-'),(1,4,'バンパ仕様','A'),(1,4,'フィラーチューブ','ー'),(1,4,'フューエルタンクの取り付け方式','ー'),(1,4,'フューエルタンクの材質','ー'),(1,4,'フューエルタンク形状','ー'),(1,4,'フューエルタンク搭載位置','ー'),(1,4,'フロントサイドマーカ','-'),(1,4,'フロントサイドメンバ構造','A'),(1,4,'フロントピラー構造','A'),(1,4,'フロントフェンダ外形','A'),(1,4,'フードヒンジ構造','A'),(1,4,'プロパイロット','w'),(1,4,'プロパイロットパーク','w/o'),(1,4,'ヘッドランプウオッシャー\n（HLC)','-'),(1,4,'ヘッドランプ外形','A'),(1,4,'マニュアルトランスミッション','-'),(1,4,'リアアンダーミラー','-'),(1,4,'リアカメラウオッシャー','-'),(1,4,'リア・サイド・メンバー / リア・サイド・フレームの形状','A'),(1,4,'リヤサイドマーカー','-'),(1,4,'ルーフサイド構造','A'),(1,4,'ワイパーデアイサー','-'),(1,4,'ワイパ外形','A'),(1,4,'三相(AC3)','-'),(1,4,'乗員H.P.','A'),(1,4,'内装違い','-'),(1,4,'冷却仕様','-'),(1,4,'前席ELR仕様','-'),(1,4,'助手席SEN仕様','-'),(1,4,'単相(AC1)','AC1'),(1,4,'外装イルミランプ','w/o'),(1,4,'外装違い\nナロー/ワイド、2/3ROW','-'),(1,4,'姿勢違い','-'),(1,4,'強電BAT MD/Cell違い','-'),(1,4,'強電BAT 容量違い','-'),(1,4,'後席ODS仕様','-'),(1,4,'後席シートスライド','-'),(1,4,'後席シートリクライニング','-'),(1,4,'後席プリテン装備','w'),(1,4,'後輪懸架装置','A'),(1,4,'油圧PS(パワステ)','w'),(1,4,'燃料供給方式','ー'),(1,4,'燃料系部品取り付け構造','ー'),(1,4,'燃料配管','ー'),(1,4,'直前直左鏡','-'),(1,4,'空調シート','w/o'),(1,4,'足元ランプ（ミラー付け）','-'),(1,4,'跳ね上げフード','-'),(1,4,'車体色','-'),(1,4,'通常のグリップ型アウトサイドハンドル、マニュアルヒドゥンハンドル','-'),(1,4,'金属製フットレスト','STANDARD'),(1,4,'電動格納式フラッシュアウトサイドハンドル付','w'),(1,4,'電装OPT','OPT無し'),(1,4,'ＳＴＲＧ固定式パドル','w/o'),(1,5,' HIGH BEAM ASSIST (HBA)','w'),(1,5,' LANE DEPARTURE PREVENTION (LDP)','w'),(1,5,' POWER OPEN/CLOSE SLIDE','-'),(1,5,'2nd row armrest','w'),(1,5,'2ND ROW HEATED SEAT','w/o'),(1,5,'2ND ROW SEAT BELT','S'),(1,5,'2ND ROW SEAT BELT REMINDER','S'),(1,5,'2ND ROW SEAT BELT REMINDER OCS','-'),(1,5,'2ND ROW SEAT COMFORT FEATURE','S'),(1,5,'2ND ROW SEAT HEATER AND COOLER','w/o'),(1,5,'2ND ROW SEAT TYPE AND ADJUSTMENT','S'),(1,5,'2ND ROW SEAT TYPE AND ADJUSTMENT.','BENCH'),(1,5,'2nd Seat\n3rd Seat','-'),(1,5,'3RD BRAKE LIGHT / HIGH MOUNT STOP LAMP','S'),(1,5,'3RD ROW SEAT BELT','-'),(1,5,'3RD ROW SEAT BELT REMINDER','-'),(1,5,'3RD ROW SEAT HEATER AND COOLER','-'),(1,5,'3rd Seat','-'),(1,5,'AC 120V or 240V 1500W OUTLET','w'),(1,5,'AC CHARGER','S'),(1,5,'AC INV\n(V2L_inside)','-'),(1,5,'AC PLUG STANDARD','w'),(1,5,'AC-INV','-'),(1,5,'Accel Pedal KD(キックダウン)','-'),(1,5,'ACTIVE SOUND CONTROL','-'),(1,5,'AD','AD1 NEXT WITH NAVI-LINK +'),(1,5,'AD(AUTONOMOUS DRIVING)','AD1'),(1,5,'AD1','w'),(1,5,'AD2','w/o'),(1,5,'ADAPTIVE CRUISE CONTROL (ACC)','w'),(1,5,'ADAPTIVE DRIVING BEAM (ADB)','-'),(1,5,'ADAPTIVE FRONT LIGHTING SYSTE(AFS)','-'),(1,5,'ADB(ADAPTIVE DRIVING BEAM)','w/o'),(1,5,'ADDITIONAL HEATER FOR PASSENGERS','-'),(1,5,'ADDITIONAL REAR AIR CONDITIONING','-'),(1,5,'ADJUSTMENT OF HEADLIGHTS ','-'),(1,5,'AFS','-'),(1,5,'AIR CONDITIONER','AUTO A/C'),(1,5,'AIR CONDITIONING AND HEATING SYSTEM','S'),(1,5,'AIR CONDITIONING AND HEATING TYPE','S'),(1,5,'AIR CONTIONING AND HEATIN','S'),(1,5,'AIR TREATMENT','S'),(1,5,'AIRBAG CANCEL','S'),(1,5,'Alarm type','Perimeric'),(1,5,'ALS(Auto Light Sensor)','w'),(1,5,'Ambient light','Multi color'),(1,5,'Ambient lighting','マルチカラー'),(1,5,'ANC','S'),(1,5,'ANC (ACTIVE NOISE CANCELLATION)','S'),(1,5,'ANC / ACTIVE NOISE CANCELLATION / DRIVING SOUND CONTROL','S'),(1,5,'ANTENNA','SHARK FIN'),(1,5,'ANTI-LOCK BRAKING SYSTEM','S'),(1,5,'ANTI-THEFT DEVICES','w'),(1,5,'AROUND VIEW MONITOR\n（AVM）','S'),(1,5,'AROUND VIEW MONITOR','S'),(1,5,'AS HEATED SEAT','w'),(1,5,'AS SEAT COMFORT FEATURE','w/o'),(1,5,'AS SEAT HEATER ','w'),(1,5,'AS SEAT HEATER AND COOLER','S1'),(1,5,'AS SEAT TYPE AND ADJUSTMENT','S2'),(1,5,'AS SEAT TYPE AND ADJUSTMENT.','POWER'),(1,5,'ASCD','w'),(1,5,'ASL','-'),(1,5,'ASSISTANT SEAT BELT','S'),(1,5,'ATシフトデバイス','-'),(1,5,'AUDIO','IVI'),(1,5,'AUDIO & NAVIGATION','S'),(1,5,'AUDIO & NAVIGATION / TYPES OF RADIOS','S'),(1,5,'AUDIO LESS','-'),(1,5,'Audio Navigation','GAS NAVI'),(1,5,'AUDIO SYSTEM','non-BOSE'),(1,5,'AUDIO VISUAL','-'),(1,5,'AUTO CLOSER','w'),(1,5,'AUTO COMPASS','-'),(1,5,'AUTO EXTENTION LIGHT ','-'),(1,5,'AUTO HAZARD','w'),(1,5,'AUTO LEVELIZER','-'),(1,5,'Auto light','-'),(1,5,'AUTO LIGHT (ALS)','w'),(1,5,'AUTO LIGHT SYSTEM','w'),(1,5,'Auto Wiper','w'),(1,5,'AUTO WIPER AND AUTO LIGHT','-'),(1,5,'AUTOMATIC EMERGENCY BRAKING SYSTEM  (AEBS)','S1'),(1,5,'Automatically folding mirror','w'),(1,5,'AUTONOMOUS DRIVING','AD1'),(1,5,'AUTONOMOUS DRIVING SF','-'),(1,5,'AUTONOMOUS EMERGENCY STEERING','S'),(1,5,'AUTONOMOUS EMERGENCY STEERING (AES)','S'),(1,5,'BACKWARD COLLISION PREVEN','-'),(1,5,'Battery Charger For ELEC. VEH','S'),(1,5,'BATTERY HEATING','-'),(1,5,'BD-EPS(ベルトドライブEPS)','-'),(1,5,'BLACK BOX','-'),(1,5,'BLIND SPOT DETECTION','S'),(1,5,'BLIND SPOT INTERVENTION (BSI)','w'),(1,5,'BLIND SPOT WARNING (BSW)','w'),(1,5,'BOSE','w/o'),(1,5,'BOSE SPEAKER','w/o'),(1,5,'Brake lamp','LED'),(1,5,'Brake type','-'),(1,5,'BRAKING ASSISTANCE','S'),(1,5,'BULB REAR LAMP','-'),(1,5,'CAB違い','-'),(1,5,'CCS2','w'),(1,5,'CENTER CONSOLE','-'),(1,5,'CENTER CONSOLE 2ND ROW','-'),(1,5,'Central door locking','central door lock SW (DR)'),(1,5,'CHARGE WARNING LAMP','-'),(1,5,'CHARGER','SINGLE'),(1,5,'CITY ✚ REAR CROSS TRAFFIC ALERT (RCTA)','w/o'),(1,5,'CLUTCH CONTROL TYPE','-'),(1,5,'CLUTCH_UNIT','-'),(1,5,'COLD STARTING ASSISTANCE','-'),(1,5,'COMBI METER','FULL TFT'),(1,5,'COMBINATION SWITCH','S1'),(1,5,'Cross bar','-'),(1,5,'CRUISE CONTROL','w'),(1,5,'CRUISE CONTROL/SPEED LIMI','w'),(1,5,'CRUISE CONTROL/SPEED LIMITER','w'),(1,5,'DAS','-'),(1,5,'DAS(ダイレクトアダプティブステアリング)','-'),(1,5,'DAYTIME HEADLIGHTS','-'),(1,5,'DAYTIME RUNNING LIGHT','w'),(1,5,'DAYTIME RUNNING LIGHT (DRL)','w'),(1,5,'DAYTIME RUNNING LIGHTS','w'),(1,5,'DC CHARGER','w'),(1,5,'DCDC','-'),(1,5,'Delay Timer','w'),(1,5,'DIRECT ADAPTIVE STEERING','-'),(1,5,'DISPLAY AUDIO','w/o'),(1,5,'DOOR SAFETY','S'),(1,5,'DP-EPS(デュアルピニオンEPS)','-'),(1,5,'DR HEATED SEAT','w'),(1,5,'DR SEAT COMFORT FEATURE','S1'),(1,5,'DR SEAT HEATER AND COOLER','S1'),(1,5,'DR SEAT TYPE AND ADJUSTMENT','S2'),(1,5,'DR SEAT TYPE AND ADJUSTMENT.','POWER'),(1,5,'DRIVE EVENT RECORDER','-'),(1,5,'DRIVE RECORDER','w/o'),(1,5,'DRIVER ATTENTION ALERT','-'),(1,5,'DRIVER MONITORING','S2'),(1,5,'driver monitoring by steering','S2'),(1,5,'DRIVER\'S AIRBAG','S'),(1,5,'DRIVING ASSISTANCE','-'),(1,5,'DRIVING ASSITANCE','-'),(1,5,'Driving mode','ハードウェアタイプ'),(1,5,'DRIVING MODE 2WD','-'),(1,5,'DRIVING MODE 4WD','S'),(1,5,'DRIVING MODE CONTROL','S2'),(1,5,'DRL','w'),(1,5,'DVR','w/o'),(1,5,'DYNAMIC TURN INDICATOR','-'),(1,5,'E-DIMMING','-'),(1,5,'e-releace','-'),(1,5,'ECO DRIVING COACHING','-'),(1,5,'ECONOMIC DRIVING','w'),(1,5,'ECU付電動センサーストレージボックス','-'),(1,5,'ELECTRIC PARKING BRAKE','w'),(1,5,'ELECTRIC TOLL COLLECTION','-'),(1,5,'ELECTRICAL SIDE DOOR OPENING AND CLOSING','-'),(1,5,'EMERGENCY ASSIST FOR PEDAL MISAPPLICATION','-'),(1,5,'EMERGENCY BRAKE ASSIST (EBA / BA)','S'),(1,5,'EMERGENCY CALL AND BREAKDOWN','S'),(1,5,'EMERGENCY SIGNAL','-'),(1,5,'emergency steering assist/support (esa/ess)','S'),(1,5,'EMERGENCY STOP SIGNAL ','-'),(1,5,'ENERGY SMART MANAGEMENT','-'),(1,5,'ENG','-'),(1,5,'ENGINE REV COUNTER','-'),(1,5,'ENGINE START / POWER ON','w'),(1,5,'ENGINE START TYPE','w'),(1,5,'EPKB','w'),(1,5,'ESCL','-'),(1,5,'ESS','w'),(1,5,'ETC 2.0(ELECTRIC TOLL COLLECTION)','-'),(1,5,'EV CHARGE CONN TYPE','-'),(1,5,'EV SOUND FOR PEDESTRIANS','w'),(1,5,'EVSE','-'),(1,5,'Exh.仕様','-'),(1,5,'EXTERIOR MIRRORS RETRACTI','-'),(1,5,'EXTERIOR REAR VIEW MIRROR','S2'),(1,5,'FAP（フルオートパーク）','-'),(1,5,'FAR SIDE AIRBAG','S'),(1,5,'FLUSH DOOR HANDLE','w'),(1,5,'Flush handle','w'),(1,5,'FOG LIGHTS','-'),(1,5,'FORWARD COLLISION WARNING','S'),(1,5,'FORWARD EMERGENCY BRAKING','w'),(1,5,'FR BMPR-type','-'),(1,5,'FR CAMERA','w'),(1,5,'FR FOG LAMP','-'),(1,5,'FR FOG LAMP(HAROGEN)','-'),(1,5,'FR FOG LAMP(LED)','-'),(1,5,'FR Grill-type','-'),(1,5,'Fr Heater Seat','w'),(1,5,'FR RADAR','-'),(1,5,'FR SEAT HEATER','w'),(1,5,'FR SEAT HEATER AND COOLER','w/o'),(1,5,'FR SIDE CAMERA','-'),(1,5,'FR SIDE RADAR','-'),(1,5,'FR SONAR','-'),(1,5,'FR SUSP形式違い','A'),(1,5,'Fr 空調シート(Heater ＋ Cooler Seat)','w/o'),(1,5,'FR:Multi\nRR:5link','-'),(1,5,'FR:Multi\nRR:LEAF','-'),(1,5,'FR:Multi\nRR:QI2','-'),(1,5,'FR:STRUT\nRR:3Link','-'),(1,5,'FR:STRUT\nRR:HT Beam','-'),(1,5,'FR:STRUT\nRR:Prarell','-'),(1,5,'FR:STRUT\nRR:QI2','-'),(1,5,'FR:STRUT\nRR:RM2','-'),(1,5,'FR:STRUT\nRR:TC','-'),(1,5,'FRONT  WINDOW OPENING SYS','S'),(1,5,'FRONT AIRBAG','S'),(1,5,'FRONT COLLISION WARNING','w'),(1,5,'FRONT DOOR WINDOW OPENING','S'),(1,5,'FRONT DOOR WINDOW OPENING2','POWERED FR WINDOW LIFT ✚ AUTO REVERSE ✚ DRIVER ONE TOUCH ✚ TIMER ✚ ALL WINDOW CONTROL PANEL'),(1,5,'Front Fog','w/o'),(1,5,'FRONT FOG LAMP\nフロントフォグランプ','-'),(1,5,'FRONT FOG LAMP','-'),(1,5,'FRONT ILLUMINATION LIGHT','-'),(1,5,'FRONT KNEE AIRBAGS','S'),(1,5,'FRONT LIGHT\nヘッドランプ','S'),(1,5,'FRONT LIGHT','S'),(1,5,'FRONT LIGHT/HEAD LAMP','S'),(1,5,'FRONT PASSENGER SEAT(S)','S2'),(1,5,'FRONT SEAT BELT','S'),(1,5,'FRONT SEAT BELT ADJUSTMEN','S'),(1,5,'FRONT SEAT BELT PRE-TENSIONER','S'),(1,5,'FRONT SEAT BELT PRETENSIONER','S'),(1,5,'FRONT SEAT BELT REMINDER','S'),(1,5,'FRONT SEATS TYPE','S2'),(1,5,'FRONT SIDE AIRBAG','S'),(1,5,'FRONT WINDSCREEN HEATER','w/o'),(1,5,'FRONT WINDSCREEN HEATER / HEATED FRONT SCREEN','w/o'),(1,5,'FRONT WINDSCREEN WIPER SP','S2'),(1,5,'FULL AUTO A/C (TOUCH PANEL TYPE)','-'),(1,5,'Full FlanK Protection(FKP)','w/o'),(1,5,'GALASS ANTENNA','-'),(1,5,'GEAR SHIFT AT','Shift by wire'),(1,5,'GEAR SPEED CONTROL TYPE','Shift by wire'),(1,5,'GLARE FREE HIGH BEAM STANDARD / ADAPTIVE DRIVING BEAM (ADB)','w/o'),(1,5,'GROUND ILLUMINATION','w/o'),(1,5,'HALOGEN HEADLAMP','w/o'),(1,5,'HAND FREE','w/o'),(1,5,'HANDS FREE POWER DOOR','-'),(1,5,'HBA(HIGH BEAM ASSIST)','w'),(1,5,'HDC','-'),(1,5,'HEAD LAMP LEVELIZER','-'),(1,5,'HEAD LAMPS TYPE','LED'),(1,5,'HEAD UNIT','NAVI'),(1,5,'Head Up Display','w/o'),(1,5,'HEAD UP DISPLAY (HUD)','w/o'),(1,5,'HEADLAMP CLEANER','-'),(1,5,'HEADLAMP TYPE','LED'),(1,5,'HEADLIGHT WASHER','-'),(1,5,'HEADLIGHT WIPERS','-'),(1,5,'HEAT PUMP','w'),(1,5,'HEATED SCREEN','-'),(1,5,'HEATER FOR EV','(AIR PTC)'),(1,5,'HEATER FOR EV / ADDITIONAL HEATER','S'),(1,5,'Heating windscreen','w/o'),(1,5,'HEPS(油圧電動パワステ)','-'),(1,5,'HEV/PHEV ENERGY MODE','-'),(1,5,'HIGH BEAM ASSIST','w'),(1,5,'HIGH BEAM ASSIST (HBA)','w'),(1,5,'HIGH MOUNTED STOP LAMP','-'),(1,5,'Hood visor','-'),(1,5,'HORN','DOUBLE'),(1,5,'HUD','w/o'),(1,5,'I-KEY ','S'),(1,5,'I-KEY (BADGE)','S'),(1,5,'ICC','w'),(1,5,'ICC(ｲﾝﾃﾘｼﾞｪﾝﾄ ｸﾙｰｽﾞ ｺﾝﾄﾛｰﾙ)','w'),(1,5,'IDM(ｲﾝﾃﾘｼﾞｪﾝﾄ ﾀﾞｲﾅﾐｸｽｺﾝﾄﾛｰﾙ ﾓｼﾞｭｰﾙ)','-'),(1,5,'Illumination BI','w'),(1,5,'IN-CAR COMMUNICATION','w'),(1,5,'INSIDE MIRROR\nインサイドミラー','w'),(1,5,'INTERIOR REAR VIEW MIRROR','w'),(1,5,'IONIZER','-'),(1,5,'IVC','-'),(1,5,'IVI','w'),(1,5,'IVI（NAVI/DA）','NAVI'),(1,5,'KEY SET','-'),(1,5,'Kick Sensor','w/o'),(1,5,'LANE DEPARTURE WARNING (LDW)','w'),(1,5,'LANE KEEP','S'),(1,5,'Lapプリテン装備','w'),(1,5,'LATERAL SUPPORT SYSTEM','S'),(1,5,'LEAD CAR DEPARTURE NOTIFICATION','S'),(1,5,'LEAD CAR DEPARTURE NOTIFICATION (LCDN)','S'),(1,5,'LED HEADLAMP','w'),(1,5,'LED LB','w'),(1,5,'LED REAR LAMP ','w'),(1,5,'LIGHTS-ON WARNING','-'),(1,5,'LOCAL NAVI','-'),(1,5,'LUGGAGE HOOK','-'),(1,5,'MANUAL LEVELIZER','-'),(1,5,'MAP LAMP','-'),(1,5,'MASSAGE STANDARD\n(2nd seat)','w/o'),(1,5,'MASSAGE STANDARD\n(3rd seat)','w/o'),(1,5,'MASSAGE STANDARD\n(FR seat)','w/o'),(1,5,'Max C.W.\nFR','-'),(1,5,'Max C.W.\nRR','-'),(1,5,'Max C.W.\nTotal','-'),(1,5,'MEDIA','-'),(1,5,'Meter','Full TFT'),(1,5,'Meter Display Size','14inch'),(1,5,'METER UNIT','FULL TFT'),(1,5,'MICROPHONE','-'),(1,5,'MOVING OBJECT DETECTION (MOD)','w'),(1,5,'MUD GUARD','-'),(1,5,'NAVI','w'),(1,5,'Navi-size','14.3”​'),(1,5,'OCCUPANT MONITORING','S'),(1,5,'OCCUPANT MONITORING / CHILD PRESENCE DETECTION DIRECT','-'),(1,5,'OCCUPANT MONITORING / CHILD PRESENCE DETECTION INDIRECT','w'),(1,5,'OCCUPANTS SAFE EXIT','S'),(1,5,'OFF ROAD','-'),(1,5,'ONE PEDAL FUNCTION WITH STOP','S'),(1,5,'OUTSIDE CAMERA','S1'),(1,5,'OUTSIDE MIRROR\nアウトサイドミラー','S2'),(1,5,'OUTSIDE MIRROR','Electrrical Adjustment + Automatically Folding + Heated + Reverse Dr & As side'),(1,5,'OUTSIDE MIRROR ADJUST','S2'),(1,5,'OUTSIDE MIRROR MEMORY','w'),(1,5,'OUTSIDE TEMPERATURE METER','w'),(1,5,'OUTSIDE THERMO METER','w'),(1,5,'PADDLE Shift','w/o'),(1,5,'PADDLE SHIFT LEVER','w/o'),(1,5,'Panic Alarm','w'),(1,5,'PARK ASSIST','-'),(1,5,'PARKING ALERTS','S1'),(1,5,'PARKING ASSIST SYSTEM','w/o'),(1,5,'PARKING BRAKE TYPE','EPKB'),(1,5,'PARKING BRAKE TYPE AND ASSIST','EPKB'),(1,5,'PASSENGER AIRBAG','S'),(1,5,'PATH CONTROL','-'),(1,5,'PBD','w'),(1,5,'PCU','-'),(1,5,'PKB hand,foot','-'),(1,5,'PLUG AND CHARGE','w'),(1,5,'POST COLLISION AND BREAKDOWN','S'),(1,5,'POWER BACK DOOR','w'),(1,5,'Power Back Door(PBD)','w'),(1,5,'POWER OPEN/CLOSE SLIDE','-'),(1,5,'POWER SEAT','w'),(1,5,'Power Slide Door','-'),(1,5,'POWER STEERING','S1'),(1,5,'Power Trunk','-'),(1,5,'Powerwindow','-'),(1,5,'PRE CRASH','-'),(1,5,'predictive forward collision warning (pfcw)','S'),(1,5,'PROXIMITY RADAR','-'),(1,5,'PS','w'),(1,5,'PTC Heater','w'),(1,5,'PUDDLE LAMP','-'),(1,5,'RAIN SENSITIVE','w'),(1,5,'RAISED BRAKE LIGHT','-'),(1,5,'REAR  LAMP','w'),(1,5,'REAR AEB','w'),(1,5,'REAR CAMERA','w'),(1,5,'REAR CNTER SEAT BELT','-'),(1,5,'REAR DOOR OPENING','S1'),(1,5,'REAR DOOR WINDOW OPENING','S'),(1,5,'REAR DOOR WINDOW OPENING2','POWERED REAR WINDOW LIFT ✚ TIMER'),(1,5,'Rear Fog','w/o'),(1,5,'REAR FOG LAMP\nリアフォグランプ','-'),(1,5,'REAR FOG LAMP','-'),(1,5,'REAR GATE OPENING','S1'),(1,5,'REAR LIGHT\nリアライト\nリアコンビランプ','S'),(1,5,'REAR LIGHT','S'),(1,5,'REAR SCREEN','-'),(1,5,'REAR SCREEN SF','-'),(1,5,'REAR SCREEN WIPER','-'),(1,5,'REAR SEAT','S'),(1,5,'REAR SEAT ALERT','-'),(1,5,'REAR SEAT BELT PRETENSIONER','S'),(1,5,'REAR SEATS BELT','S'),(1,5,'REAR SPOILER','-'),(1,5,'REAR TOWING DEVICE','-'),(1,5,'REAR VIDEO SCREENS','-'),(1,5,'REAR VIEW CAMERA','w'),(1,5,'REAR VIEW MONITOR\n（RVM）','w/o'),(1,5,'REAR WINDOW','-'),(1,5,'REAR WINDOW OPENING SYSTE','S'),(1,5,'REAR WINDOW WIPER','-'),(1,5,'REAR WIPERS\nリアワイパー','-'),(1,5,'REGENERATIVE BRAKE FOR EV','-'),(1,5,'REGENERATIVE BRAKING TYPE','-'),(1,5,'REMOTE ENGINE STARTER','-'),(1,5,'REMOTE ENGINE STARTER (STAND ALONE)','-'),(1,5,'REMOTE ENGINE STARTER WITH KEY','-'),(1,5,'REMOTE PARKING','w/o'),(1,5,'RES','-'),(1,5,'REVERSIBLE CHARGER','VEHICLE TO LOAD (V2L) OUTSIDE'),(1,5,'RLS(Rain Light Sensor)','w/o'),(1,5,'ROD ANTENNA','-'),(1,5,'ROOF','S'),(1,5,'ROOF / SUNROOF','Glass Roof'),(1,5,'ROOF OPENING','Glass Roof'),(1,5,'Roof rack','-'),(1,5,'Roof rail','-'),(1,5,'ROOF RAIL AND CROSS BAR','-'),(1,5,'ROOM MIRROR','S1'),(1,5,'ROOM MIRROR / REAR VISIBILITY','S1'),(1,5,'ROOM MIRROR－AUTO DIMMING','w'),(1,5,'ROOM MIRROR－SMART REAR VIEW MIRROR','w/o'),(1,5,'RR BMPR-type','-'),(1,5,'RR BRAKE UNIT','-'),(1,5,'RR CAMERA','w'),(1,5,'RR FOG LAMP','-'),(1,5,'Rr Heater Seat','w/o'),(1,5,'RR POWER SLIDE  DOOR ','-'),(1,5,'RR SEAT HEATER','w/o'),(1,5,'RR SEAT HEATER AND COOLER','w/o'),(1,5,'RR SIDE RADAR','-'),(1,5,'RR SONAR','-'),(1,5,'RR SPOILER','-'),(1,5,'RR SUSP形式違い','-'),(1,5,'Rr 空調シート(Heater ＋ Cooler Seat)','w/o'),(1,5,'RVI CRUISE CONTROL','-'),(1,5,'SAFETY ACCESS FUNCTIONS','S'),(1,5,'Safety Driving','AD1e+Navilink'),(1,5,'SCENE RECORDER','-'),(1,5,'Seat adjustment','メモリーあり'),(1,5,'SEAT BELT NOT SECURED WAR','-'),(1,5,'SEAT BELT REMINDER','S'),(1,5,'SEAT HEATER','w'),(1,5,'SEAT HEATER AND COOLER','-'),(1,5,'SEAT HEATING','S1'),(1,5,'SEAT LINING','SYNTHETIC LEATHER B'),(1,5,'SEAT LINING.','SYNTHETIC LEATHER B'),(1,5,'SEAT TYPE','自動'),(1,5,'SETTINGS OF COMBI METER','S1'),(1,5,'SHARK FIN ANTENNA','w'),(1,5,'SIDE AIRBAG','S'),(1,5,'SIDE CURTAIN AIRBAG','S'),(1,5,'SIDE LIGHTS','-'),(1,5,'SIDE MARKER LAMP','-'),(1,5,'SIDE TURN SIGNAL','w'),(1,5,'Side visor','-'),(1,5,'SIZE OF COMBI METER SCREEN','14.3\" DISPLAY'),(1,5,'SMART REAR VIEW MIRROR','w/o'),(1,5,'SOCKET ACCESSORY','w'),(1,5,'SONER','-'),(1,5,'sound bubble','-'),(1,5,'SP1','-'),(1,5,'SP2','-'),(1,5,'SPARE WHEEL','w/o'),(1,5,'SPEAKER','S'),(1,5,'SPEED CUT','-'),(1,5,'SPEED LIMITER','-'),(1,5,'SPEED METER UNIT','FULL TFT'),(1,5,'Speed sensing lock','w'),(1,5,'SRVM','w/o'),(1,5,'Start Engine  type','I-key'),(1,5,'STATIONARY HEATER','-'),(1,5,'STEERING','S1'),(1,5,'STEERING SWITCH','S1'),(1,5,'STEERING SWITCHES','S1'),(1,5,'STEERING WHEEL','S1'),(1,5,'STEERING WHEEL ADJUSTMENT','S2'),(1,5,'STEERING WHEEL HEATER','w'),(1,5,'STRG Heater','w'),(1,5,'SUN VISOR LED LIGHT','S'),(1,5,'SUNROOF','w/o'),(1,5,'Sunroof visor','-'),(1,5,'Sunshade','basic'),(1,5,'SUSPENSION CONTROL','A'),(1,5,'SUSPENSION CONTROL VARIABLE DAMPING','A'),(1,5,'SUSPENSION TYPE','A'),(1,5,'TAILGATE/TRUNK OPENING\nPOWER OPEN/CLOSE','w'),(1,5,'TAILGATE/TRUNK OPENING','S1'),(1,5,'TAILGATE/TRUNK OPENING POWER OPEN/CLOSE','w'),(1,5,'TAILGATE/TRUNK OPENING POWER OPEN/CLOSE ✚ HANDS FREE','w/o'),(1,5,'TELEMATIC','-'),(1,5,'TELEMATIC DOORS LOCK','-'),(1,5,'TELEMATIC SYSTEM HYPOTHES','-'),(1,5,'TELEMATICS\n(EMERGENCY CALL SW)','-'),(1,5,'TIRE','235 ✚ 55 ✚ R19'),(1,5,'TIRE PRESSURE MONITOR','S'),(1,5,'TIRE PRESSURE MONITORING SYSTEM (TPMS)','S'),(1,5,'TIRE SIZE','235 ✚ 55 ✚ R19'),(1,5,'TIRE TYPE','-'),(1,5,'Touch Sensor  (I-key)','w'),(1,5,'TOWING CAPACITY','-'),(1,5,'TRACTION CONTROL SYSTEM','-'),(1,5,'TRAFFIC SIGN RECOGNITION','S'),(1,5,'TRAFFIC SIGN RECOGNITION (TSR)','w'),(1,5,'TRAFFIC SIGN RECOGNITION / SPEED LIMITATION INFORMATION','-'),(1,5,'TRUNK','-'),(1,5,'TSA','-'),(1,5,'TURN SIGNAL','S'),(1,5,'TURN SIGNAL LAMP','w'),(1,5,'TYPE OF COMBI METER','FULL TFT'),(1,5,'TYPE OF CONTROL','-'),(1,5,'TYPE OF DOOR-OPENER REMOT','-'),(1,5,'TYPE OF DRIVER SEAT ADJUS','S2'),(1,5,'TYPE OF HEAD UNIT HARDWARE & CCS SF','S'),(1,5,'TYPE OF PARK BRAKE','EPKB'),(1,5,'TYPE OF TIRES FR','235 ✚ 55 ✚ R19'),(1,5,'TYPE OF TIRES RR','235 ✚ 55 ✚ R19'),(1,5,'TYPES OF RADIOS','GAS NAVI'),(1,5,'UNIVERSAL GARAGE DOOR OPE','w'),(1,5,'UNIVERSAL GARAGE DOOR OPENER','w'),(1,5,'USB AND POWER SUPPLY','-'),(1,5,'USB AND POWER SUPPLY 2ND ROW','S'),(1,5,'USB AND POWER SUPPLY 3RD ROW','-'),(1,5,'USB AND POWER SUPPLY FR','S1'),(1,5,'USB AND POWER SUPPLY LUGGAGE','-'),(1,5,'VDC','S'),(1,5,'VDC(ﾋﾞｰｸﾙ ﾀﾞｲﾅﾐｸｽ ｺﾝﾄﾛｰﾙ)','w'),(1,5,'VEHICLE DYNAMICS CONTROL','-'),(1,5,'VEHICLE TO LOAD (V2L) OUTSIDE','w'),(1,5,'Ventilated(Heater&Cooler) Seat','w/o'),(1,5,'VIDEO SCREENS','-'),(1,5,'VOICE VEHICLE CONTROL','S1'),(1,5,'VR','w'),(1,5,'WELCOME & GOODBYE SEQUENCE','-'),(1,5,'Wheel Cover','-'),(1,5,'WHEEL COVERS-size','-'),(1,5,'WHEEL TYPE,SIZE','S'),(1,5,'Wheelサイズ','S'),(1,5,'Wheel材質','AL Wheel'),(1,5,'WINDOWS COLOUR','-'),(1,5,'WINDSCREEN','-'),(1,5,'WINDSCREEN HEATER','-'),(1,5,'WINDSCREEN WIPERS\nフロントワイパー','S2'),(1,5,'WINDSCREEN WIPERS','S2'),(1,5,'WIPER DEICER','-'),(1,5,'WIRELESS PHONE CHARGE','w'),(1,5,'WITH TIMER CHARGER','-'),(1,5,'ZONES OF AMBIENT LIGHTING','S2'),(1,5,'アンダーカバー','-'),(1,5,'ウィンドシールド取付構造','A'),(1,5,'ウィンドシールド形状','A'),(1,5,'ウインチ','-'),(1,5,'エアバッグシステム','A'),(1,5,'エネルギー\n吸収材仕様','A'),(1,5,'エンジンフード形状','A'),(1,5,'オットマン','-'),(1,5,'キャニスタ ORVR 追加','-'),(1,5,'ギアシフト','Shift by wire'),(1,5,'グリルシャッター','-'),(1,5,'コラムEPS','-'),(1,5,'コーナリングランプ','-'),(1,5,'サスペンション','A'),(1,5,'サンルーフ','w/o'),(1,5,'シル構造','A'),(1,5,'シートベルトアンカ位置','A'),(1,5,'シート材質','Leather'),(1,5,'シート機構','-'),(1,5,'スポーツシート','-'),(1,5,'スライドシート','w'),(1,5,'センターピラー構造','A'),(1,5,'トーイング','-'),(1,5,'バッテリクーラ','-'),(1,5,'バッテリヒータ','-'),(1,5,'バッテリー','-'),(1,5,'バンパ仕様','A'),(1,5,'フィラーチューブ','ー'),(1,5,'フューエルタンクの取り付け方式','ー'),(1,5,'フューエルタンクの材質','ー'),(1,5,'フューエルタンク形状','ー'),(1,5,'フューエルタンク搭載位置','ー'),(1,5,'フロントサイドマーカ','-'),(1,5,'フロントサイドメンバ構造','A'),(1,5,'フロントピラー構造','A'),(1,5,'フロントフェンダ外形','A'),(1,5,'フードヒンジ構造','A'),(1,5,'プロパイロット','w'),(1,5,'プロパイロットパーク','w/o'),(1,5,'ヘッドランプウオッシャー\n（HLC)','-'),(1,5,'ヘッドランプ外形','A'),(1,5,'マニュアルトランスミッション','-'),(1,5,'リアアンダーミラー','-'),(1,5,'リアカメラウオッシャー','-'),(1,5,'リア・サイド・メンバー / リア・サイド・フレームの形状','A'),(1,5,'リヤサイドマーカー','-'),(1,5,'ルーフサイド構造','A'),(1,5,'ワイパーデアイサー','-'),(1,5,'ワイパ外形','A'),(1,5,'三相(AC3)','-'),(1,5,'乗員H.P.','A'),(1,5,'内装違い','-'),(1,5,'冷却仕様','-'),(1,5,'前席ELR仕様','-'),(1,5,'助手席SEN仕様','-'),(1,5,'単相(AC1)','AC1'),(1,5,'外装イルミランプ','w/o'),(1,5,'外装違い\nナロー/ワイド、2/3ROW','-'),(1,5,'姿勢違い','-'),(1,5,'強電BAT MD/Cell違い','-'),(1,5,'強電BAT 容量違い','-'),(1,5,'後席ODS仕様','-'),(1,5,'後席シートスライド','-'),(1,5,'後席シートリクライニング','-'),(1,5,'後席プリテン装備','w'),(1,5,'後輪懸架装置','A'),(1,5,'油圧PS(パワステ)','w'),(1,5,'燃料供給方式','ー'),(1,5,'燃料系部品取り付け構造','ー'),(1,5,'燃料配管','ー'),(1,5,'直前直左鏡','-'),(1,5,'空調シート','w/o'),(1,5,'足元ランプ（ミラー付け）','-'),(1,5,'跳ね上げフード','-'),(1,5,'車体色','-'),(1,5,'通常のグリップ型アウトサイドハンドル、マニュアルヒドゥンハンドル','-'),(1,5,'金属製フットレスト','STANDARD'),(1,5,'電動格納式フラッシュアウトサイドハンドル付','w'),(1,5,'電装OPT','OPT無し'),(1,5,'ＳＴＲＧ固定式パドル','w/o'),(1,6,' HIGH BEAM ASSIST (HBA)','w'),(1,6,' LANE DEPARTURE PREVENTION (LDP)','w'),(1,6,' POWER OPEN/CLOSE SLIDE','-'),(1,6,'2nd row armrest','w'),(1,6,'2ND ROW HEATED SEAT','w'),(1,6,'2ND ROW SEAT BELT','S'),(1,6,'2ND ROW SEAT BELT REMINDER','S'),(1,6,'2ND ROW SEAT BELT REMINDER OCS','-'),(1,6,'2ND ROW SEAT COMFORT FEATURE','S'),(1,6,'2ND ROW SEAT HEATER AND COOLER','w/o'),(1,6,'2ND ROW SEAT TYPE AND ADJUSTMENT','S'),(1,6,'2ND ROW SEAT TYPE AND ADJUSTMENT.','BENCH'),(1,6,'2nd Seat\n3rd Seat','-'),(1,6,'3RD BRAKE LIGHT / HIGH MOUNT STOP LAMP','S'),(1,6,'3RD ROW SEAT BELT','-'),(1,6,'3RD ROW SEAT BELT REMINDER','-'),(1,6,'3RD ROW SEAT HEATER AND COOLER','-'),(1,6,'3rd Seat','-'),(1,6,'AC 120V or 240V 1500W OUTLET','w'),(1,6,'AC CHARGER','S'),(1,6,'AC INV\n(V2L_inside)','-'),(1,6,'AC PLUG STANDARD','w'),(1,6,'AC-INV','-'),(1,6,'Accel Pedal KD(キックダウン)','-'),(1,6,'ACTIVE SOUND CONTROL','-'),(1,6,'AD','AD1 NEXT WITH NAVI-LINK +'),(1,6,'AD(AUTONOMOUS DRIVING)','AD1'),(1,6,'AD1','w/o'),(1,6,'AD2','w'),(1,6,'ADAPTIVE CRUISE CONTROL (ACC)','w'),(1,6,'ADAPTIVE DRIVING BEAM (ADB)','-'),(1,6,'ADAPTIVE FRONT LIGHTING SYSTE(AFS)','-'),(1,6,'ADB(ADAPTIVE DRIVING BEAM)','w/o'),(1,6,'ADDITIONAL HEATER FOR PASSENGERS','-'),(1,6,'ADDITIONAL REAR AIR CONDITIONING','-'),(1,6,'ADJUSTMENT OF HEADLIGHTS ','-'),(1,6,'AFS','-'),(1,6,'AIR CONDITIONER','AUTO A/C'),(1,6,'AIR CONDITIONING AND HEATING SYSTEM','S'),(1,6,'AIR CONDITIONING AND HEATING TYPE','S'),(1,6,'AIR CONTIONING AND HEATIN','S'),(1,6,'AIR TREATMENT','S'),(1,6,'AIRBAG CANCEL','S'),(1,6,'Alarm type','Perimeric'),(1,6,'ALS(Auto Light Sensor)','w'),(1,6,'Ambient light','Multi color'),(1,6,'Ambient lighting','マルチカラー'),(1,6,'ANC','S'),(1,6,'ANC (ACTIVE NOISE CANCELLATION)','S'),(1,6,'ANC / ACTIVE NOISE CANCELLATION / DRIVING SOUND CONTROL','S'),(1,6,'ANTENNA','SHARK FIN'),(1,6,'ANTI-LOCK BRAKING SYSTEM','S'),(1,6,'ANTI-THEFT DEVICES','w'),(1,6,'AROUND VIEW MONITOR\n（AVM）','S'),(1,6,'AROUND VIEW MONITOR','S'),(1,6,'AS HEATED SEAT','w'),(1,6,'AS SEAT COMFORT FEATURE','S'),(1,6,'AS SEAT HEATER ','w'),(1,6,'AS SEAT HEATER AND COOLER','S2'),(1,6,'AS SEAT TYPE AND ADJUSTMENT','S2'),(1,6,'AS SEAT TYPE AND ADJUSTMENT.','POWER'),(1,6,'ASCD','w'),(1,6,'ASL','-'),(1,6,'ASSISTANT SEAT BELT','S'),(1,6,'ATシフトデバイス','-'),(1,6,'AUDIO','IVI'),(1,6,'AUDIO & NAVIGATION','S'),(1,6,'AUDIO & NAVIGATION / TYPES OF RADIOS','S'),(1,6,'AUDIO LESS','-'),(1,6,'Audio Navigation','GAS NAVI'),(1,6,'AUDIO SYSTEM','BOSE'),(1,6,'AUDIO VISUAL','-'),(1,6,'AUTO CLOSER','w'),(1,6,'AUTO COMPASS','-'),(1,6,'AUTO EXTENTION LIGHT ','-'),(1,6,'AUTO HAZARD','w'),(1,6,'AUTO LEVELIZER','-'),(1,6,'Auto light','-'),(1,6,'AUTO LIGHT (ALS)','w'),(1,6,'AUTO LIGHT SYSTEM','w'),(1,6,'Auto Wiper','w'),(1,6,'AUTO WIPER AND AUTO LIGHT','-'),(1,6,'AUTOMATIC EMERGENCY BRAKING SYSTEM  (AEBS)','S1'),(1,6,'Automatically folding mirror','w'),(1,6,'AUTONOMOUS DRIVING','AD1'),(1,6,'AUTONOMOUS DRIVING SF','-'),(1,6,'AUTONOMOUS EMERGENCY STEERING','S'),(1,6,'AUTONOMOUS EMERGENCY STEERING (AES)','S'),(1,6,'BACKWARD COLLISION PREVEN','-'),(1,6,'Battery Charger For ELEC. VEH','S'),(1,6,'BATTERY HEATING','-'),(1,6,'BD-EPS(ベルトドライブEPS)','-'),(1,6,'BLACK BOX','-'),(1,6,'BLIND SPOT DETECTION','S'),(1,6,'BLIND SPOT INTERVENTION (BSI)','w'),(1,6,'BLIND SPOT WARNING (BSW)','w'),(1,6,'BOSE','w'),(1,6,'BOSE SPEAKER','w'),(1,6,'Brake lamp','LED'),(1,6,'Brake type','-'),(1,6,'BRAKING ASSISTANCE','S'),(1,6,'BULB REAR LAMP','-'),(1,6,'CAB違い','-'),(1,6,'CCS2','w'),(1,6,'CENTER CONSOLE','-'),(1,6,'CENTER CONSOLE 2ND ROW','-'),(1,6,'Central door locking','central door lock SW (DR)'),(1,6,'CHARGE WARNING LAMP','-'),(1,6,'CHARGER','SINGLE'),(1,6,'CITY ✚ REAR CROSS TRAFFIC ALERT (RCTA)','w'),(1,6,'CLUTCH CONTROL TYPE','-'),(1,6,'CLUTCH_UNIT','-'),(1,6,'COLD STARTING ASSISTANCE','-'),(1,6,'COMBI METER','FULL TFT'),(1,6,'COMBINATION SWITCH','S1'),(1,6,'Cross bar','-'),(1,6,'CRUISE CONTROL','w'),(1,6,'CRUISE CONTROL/SPEED LIMI','w'),(1,6,'CRUISE CONTROL/SPEED LIMITER','w'),(1,6,'DAS','-'),(1,6,'DAS(ダイレクトアダプティブステアリング)','-'),(1,6,'DAYTIME HEADLIGHTS','-'),(1,6,'DAYTIME RUNNING LIGHT','w'),(1,6,'DAYTIME RUNNING LIGHT (DRL)','w'),(1,6,'DAYTIME RUNNING LIGHTS','w'),(1,6,'DC CHARGER','w'),(1,6,'DCDC','-'),(1,6,'Delay Timer','w'),(1,6,'DIRECT ADAPTIVE STEERING','-'),(1,6,'DISPLAY AUDIO','w/o'),(1,6,'DOOR SAFETY','S'),(1,6,'DP-EPS(デュアルピニオンEPS)','-'),(1,6,'DR HEATED SEAT','w'),(1,6,'DR SEAT COMFORT FEATURE','S2'),(1,6,'DR SEAT HEATER AND COOLER','S2'),(1,6,'DR SEAT TYPE AND ADJUSTMENT','S2'),(1,6,'DR SEAT TYPE AND ADJUSTMENT.','POWER'),(1,6,'DRIVE EVENT RECORDER','S'),(1,6,'DRIVE RECORDER','w'),(1,6,'DRIVER ATTENTION ALERT','-'),(1,6,'DRIVER MONITORING','S2'),(1,6,'driver monitoring by steering','S2'),(1,6,'DRIVER\'S AIRBAG','S'),(1,6,'DRIVING ASSISTANCE','-'),(1,6,'DRIVING ASSITANCE','-'),(1,6,'Driving mode','ハードウェアタイプ'),(1,6,'DRIVING MODE 2WD','-'),(1,6,'DRIVING MODE 4WD','S'),(1,6,'DRIVING MODE CONTROL','S2'),(1,6,'DRL','w'),(1,6,'DVR','w'),(1,6,'DYNAMIC TURN INDICATOR','-'),(1,6,'E-DIMMING','-'),(1,6,'e-releace','-'),(1,6,'ECO DRIVING COACHING','-'),(1,6,'ECONOMIC DRIVING','w'),(1,6,'ECU付電動センサーストレージボックス','-'),(1,6,'ELECTRIC PARKING BRAKE','w'),(1,6,'ELECTRIC TOLL COLLECTION','-'),(1,6,'ELECTRICAL SIDE DOOR OPENING AND CLOSING','-'),(1,6,'EMERGENCY ASSIST FOR PEDAL MISAPPLICATION','-'),(1,6,'EMERGENCY BRAKE ASSIST (EBA / BA)','S'),(1,6,'EMERGENCY CALL AND BREAKDOWN','S'),(1,6,'EMERGENCY SIGNAL','-'),(1,6,'emergency steering assist/support (esa/ess)','S'),(1,6,'EMERGENCY STOP SIGNAL ','-'),(1,6,'ENERGY SMART MANAGEMENT','-'),(1,6,'ENG','-'),(1,6,'ENGINE REV COUNTER','-'),(1,6,'ENGINE START / POWER ON','w'),(1,6,'ENGINE START TYPE','w'),(1,6,'EPKB','w'),(1,6,'ESCL','-'),(1,6,'ESS','w'),(1,6,'ETC 2.0(ELECTRIC TOLL COLLECTION)','-'),(1,6,'EV CHARGE CONN TYPE','-'),(1,6,'EV SOUND FOR PEDESTRIANS','w'),(1,6,'EVSE','-'),(1,6,'Exh.仕様','-'),(1,6,'EXTERIOR MIRRORS RETRACTI','-'),(1,6,'EXTERIOR REAR VIEW MIRROR','S3'),(1,6,'FAP（フルオートパーク）','-'),(1,6,'FAR SIDE AIRBAG','S'),(1,6,'FLUSH DOOR HANDLE','w'),(1,6,'Flush handle','w'),(1,6,'FOG LIGHTS','-'),(1,6,'FORWARD COLLISION WARNING','S'),(1,6,'FORWARD EMERGENCY BRAKING','w'),(1,6,'FR BMPR-type','-'),(1,6,'FR CAMERA','w'),(1,6,'FR FOG LAMP','-'),(1,6,'FR FOG LAMP(HAROGEN)','-'),(1,6,'FR FOG LAMP(LED)','-'),(1,6,'FR Grill-type','-'),(1,6,'Fr Heater Seat','w'),(1,6,'FR RADAR','-'),(1,6,'FR SEAT HEATER','w'),(1,6,'FR SEAT HEATER AND COOLER','w'),(1,6,'FR SIDE CAMERA','-'),(1,6,'FR SIDE RADAR','-'),(1,6,'FR SONAR','-'),(1,6,'FR SUSP形式違い','B'),(1,6,'Fr 空調シート(Heater ＋ Cooler Seat)','w'),(1,6,'FR:Multi\nRR:5link','-'),(1,6,'FR:Multi\nRR:LEAF','-'),(1,6,'FR:Multi\nRR:QI2','-'),(1,6,'FR:STRUT\nRR:3Link','-'),(1,6,'FR:STRUT\nRR:HT Beam','-'),(1,6,'FR:STRUT\nRR:Prarell','-'),(1,6,'FR:STRUT\nRR:QI2','-'),(1,6,'FR:STRUT\nRR:RM2','-'),(1,6,'FR:STRUT\nRR:TC','-'),(1,6,'FRONT  WINDOW OPENING SYS','S'),(1,6,'FRONT AIRBAG','S'),(1,6,'FRONT COLLISION WARNING','w'),(1,6,'FRONT DOOR WINDOW OPENING','S'),(1,6,'FRONT DOOR WINDOW OPENING2','POWERED FR WINDOW LIFT ✚ AUTO REVERSE ✚ DRIVER ONE TOUCH ✚ TIMER ✚ ALL WINDOW CONTROL PANEL'),(1,6,'Front Fog','w/o'),(1,6,'FRONT FOG LAMP\nフロントフォグランプ','-'),(1,6,'FRONT FOG LAMP','-'),(1,6,'FRONT ILLUMINATION LIGHT','-'),(1,6,'FRONT KNEE AIRBAGS','S'),(1,6,'FRONT LIGHT\nヘッドランプ','S'),(1,6,'FRONT LIGHT','S'),(1,6,'FRONT LIGHT/HEAD LAMP','S'),(1,6,'FRONT PASSENGER SEAT(S)','S2'),(1,6,'FRONT SEAT BELT','S'),(1,6,'FRONT SEAT BELT ADJUSTMEN','S'),(1,6,'FRONT SEAT BELT PRE-TENSIONER','S'),(1,6,'FRONT SEAT BELT PRETENSIONER','S'),(1,6,'FRONT SEAT BELT REMINDER','S'),(1,6,'FRONT SEATS TYPE','S2'),(1,6,'FRONT SIDE AIRBAG','S'),(1,6,'FRONT WINDSCREEN HEATER','w/o'),(1,6,'FRONT WINDSCREEN HEATER / HEATED FRONT SCREEN','w/o'),(1,6,'FRONT WINDSCREEN WIPER SP','S2'),(1,6,'FULL AUTO A/C (TOUCH PANEL TYPE)','-'),(1,6,'Full FlanK Protection(FKP)','w/o'),(1,6,'GALASS ANTENNA','-'),(1,6,'GEAR SHIFT AT','Shift by wire'),(1,6,'GEAR SPEED CONTROL TYPE','Shift by wire'),(1,6,'GLARE FREE HIGH BEAM STANDARD / ADAPTIVE DRIVING BEAM (ADB)','w/o'),(1,6,'GROUND ILLUMINATION','w'),(1,6,'HALOGEN HEADLAMP','w/o'),(1,6,'HAND FREE','w'),(1,6,'HANDS FREE POWER DOOR','-'),(1,6,'HBA(HIGH BEAM ASSIST)','w'),(1,6,'HDC','-'),(1,6,'HEAD LAMP LEVELIZER','-'),(1,6,'HEAD LAMPS TYPE','LED'),(1,6,'HEAD UNIT','NAVI'),(1,6,'Head Up Display','w'),(1,6,'HEAD UP DISPLAY (HUD)','w'),(1,6,'HEADLAMP CLEANER','-'),(1,6,'HEADLAMP TYPE','LED'),(1,6,'HEADLIGHT WASHER','-'),(1,6,'HEADLIGHT WIPERS','-'),(1,6,'HEAT PUMP','w'),(1,6,'HEATED SCREEN','-'),(1,6,'HEATER FOR EV','(AIR PTC)'),(1,6,'HEATER FOR EV / ADDITIONAL HEATER','S'),(1,6,'Heating windscreen','w/o'),(1,6,'HEPS(油圧電動パワステ)','-'),(1,6,'HEV/PHEV ENERGY MODE','-'),(1,6,'HIGH BEAM ASSIST','w'),(1,6,'HIGH BEAM ASSIST (HBA)','w'),(1,6,'HIGH MOUNTED STOP LAMP','-'),(1,6,'Hood visor','-'),(1,6,'HORN','DOUBLE'),(1,6,'HUD','w'),(1,6,'I-KEY ','S'),(1,6,'I-KEY (BADGE)','S'),(1,6,'ICC','w'),(1,6,'ICC(ｲﾝﾃﾘｼﾞｪﾝﾄ ｸﾙｰｽﾞ ｺﾝﾄﾛｰﾙ)','w'),(1,6,'IDM(ｲﾝﾃﾘｼﾞｪﾝﾄ ﾀﾞｲﾅﾐｸｽｺﾝﾄﾛｰﾙ ﾓｼﾞｭｰﾙ)','-'),(1,6,'Illumination BI','w'),(1,6,'IN-CAR COMMUNICATION','w'),(1,6,'INSIDE MIRROR\nインサイドミラー','w'),(1,6,'INTERIOR REAR VIEW MIRROR','w'),(1,6,'IONIZER','-'),(1,6,'IVC','-'),(1,6,'IVI','w'),(1,6,'IVI（NAVI/DA）','NAVI'),(1,6,'KEY SET','-'),(1,6,'Kick Sensor','w'),(1,6,'LANE DEPARTURE WARNING (LDW)','w'),(1,6,'LANE KEEP','S'),(1,6,'Lapプリテン装備','w'),(1,6,'LATERAL SUPPORT SYSTEM','S'),(1,6,'LEAD CAR DEPARTURE NOTIFICATION','S'),(1,6,'LEAD CAR DEPARTURE NOTIFICATION (LCDN)','S'),(1,6,'LED HEADLAMP','w'),(1,6,'LED LB','w'),(1,6,'LED REAR LAMP ','w'),(1,6,'LIGHTS-ON WARNING','-'),(1,6,'LOCAL NAVI','-'),(1,6,'LUGGAGE HOOK','-'),(1,6,'MANUAL LEVELIZER','-'),(1,6,'MAP LAMP','-'),(1,6,'MASSAGE STANDARD\n(2nd seat)','w/o'),(1,6,'MASSAGE STANDARD\n(3rd seat)','w/o'),(1,6,'MASSAGE STANDARD\n(FR seat)','w'),(1,6,'Max C.W.\nFR','-'),(1,6,'Max C.W.\nRR','-'),(1,6,'Max C.W.\nTotal','-'),(1,6,'MEDIA','-'),(1,6,'Meter','Full TFT'),(1,6,'Meter Display Size','14inch'),(1,6,'METER UNIT','FULL TFT'),(1,6,'MICROPHONE','-'),(1,6,'MOVING OBJECT DETECTION (MOD)','w'),(1,6,'MUD GUARD','-'),(1,6,'NAVI','w'),(1,6,'Navi-size','14.3”​'),(1,6,'OCCUPANT MONITORING','S'),(1,6,'OCCUPANT MONITORING / CHILD PRESENCE DETECTION DIRECT','-'),(1,6,'OCCUPANT MONITORING / CHILD PRESENCE DETECTION INDIRECT','w'),(1,6,'OCCUPANTS SAFE EXIT','S'),(1,6,'OFF ROAD','-'),(1,6,'ONE PEDAL FUNCTION WITH STOP','S'),(1,6,'OUTSIDE CAMERA','S2'),(1,6,'OUTSIDE MIRROR\nアウトサイドミラー','S3'),(1,6,'OUTSIDE MIRROR','Electrrical Adjustment + Automatically Folding + Heated + Reverse Dr & As side'),(1,6,'OUTSIDE MIRROR ADJUST','S3'),(1,6,'OUTSIDE MIRROR MEMORY','w'),(1,6,'OUTSIDE TEMPERATURE METER','w'),(1,6,'OUTSIDE THERMO METER','w'),(1,6,'PADDLE Shift','w'),(1,6,'PADDLE SHIFT LEVER','w'),(1,6,'Panic Alarm','w'),(1,6,'PARK ASSIST','-'),(1,6,'PARKING ALERTS','S1'),(1,6,'PARKING ASSIST SYSTEM','w/o'),(1,6,'PARKING BRAKE TYPE','EPKB'),(1,6,'PARKING BRAKE TYPE AND ASSIST','EPKB'),(1,6,'PASSENGER AIRBAG','S'),(1,6,'PATH CONTROL','-'),(1,6,'PBD','w'),(1,6,'PCU','-'),(1,6,'PKB hand,foot','-'),(1,6,'PLUG AND CHARGE','w'),(1,6,'POST COLLISION AND BREAKDOWN','S'),(1,6,'POWER BACK DOOR','w'),(1,6,'Power Back Door(PBD)','w'),(1,6,'POWER OPEN/CLOSE SLIDE','-'),(1,6,'POWER SEAT','w'),(1,6,'Power Slide Door','-'),(1,6,'POWER STEERING','S1'),(1,6,'Power Trunk','-'),(1,6,'Powerwindow','-'),(1,6,'PRE CRASH','-'),(1,6,'predictive forward collision warning (pfcw)','S'),(1,6,'PROXIMITY RADAR','-'),(1,6,'PS','w/o'),(1,6,'PTC Heater','w'),(1,6,'PUDDLE LAMP','-'),(1,6,'RAIN SENSITIVE','w'),(1,6,'RAISED BRAKE LIGHT','-'),(1,6,'REAR  LAMP','w'),(1,6,'REAR AEB','w'),(1,6,'REAR CAMERA','w'),(1,6,'REAR CNTER SEAT BELT','-'),(1,6,'REAR DOOR OPENING','S2'),(1,6,'REAR DOOR WINDOW OPENING','S'),(1,6,'REAR DOOR WINDOW OPENING2','POWERED REAR WINDOW LIFT ✚ TIMER'),(1,6,'Rear Fog','w/o'),(1,6,'REAR FOG LAMP\nリアフォグランプ','-'),(1,6,'REAR FOG LAMP','-'),(1,6,'REAR GATE OPENING','S2'),(1,6,'REAR LIGHT\nリアライト\nリアコンビランプ','S'),(1,6,'REAR LIGHT','S'),(1,6,'REAR SCREEN','-'),(1,6,'REAR SCREEN SF','-'),(1,6,'REAR SCREEN WIPER','-'),(1,6,'REAR SEAT','S'),(1,6,'REAR SEAT ALERT','-'),(1,6,'REAR SEAT BELT PRETENSIONER','S'),(1,6,'REAR SEATS BELT','S'),(1,6,'REAR SPOILER','-'),(1,6,'REAR TOWING DEVICE','-'),(1,6,'REAR VIDEO SCREENS','-'),(1,6,'REAR VIEW CAMERA','w'),(1,6,'REAR VIEW MONITOR\n（RVM）','w/o'),(1,6,'REAR WINDOW','-'),(1,6,'REAR WINDOW OPENING SYSTE','S'),(1,6,'REAR WINDOW WIPER','-'),(1,6,'REAR WIPERS\nリアワイパー','-'),(1,6,'REGENERATIVE BRAKE FOR EV','-'),(1,6,'REGENERATIVE BRAKING TYPE','-'),(1,6,'REMOTE ENGINE STARTER','-'),(1,6,'REMOTE ENGINE STARTER (STAND ALONE)','-'),(1,6,'REMOTE ENGINE STARTER WITH KEY','-'),(1,6,'REMOTE PARKING','w/o'),(1,6,'RES','-'),(1,6,'REVERSIBLE CHARGER','VEHICLE TO LOAD (V2L) OUTSIDE'),(1,6,'RLS(Rain Light Sensor)','w/o'),(1,6,'ROD ANTENNA','-'),(1,6,'ROOF','S'),(1,6,'ROOF / SUNROOF','Glass Roof'),(1,6,'ROOF OPENING','Glass Roof'),(1,6,'Roof rack','-'),(1,6,'Roof rail','-'),(1,6,'ROOF RAIL AND CROSS BAR','-'),(1,6,'ROOM MIRROR','S1'),(1,6,'ROOM MIRROR / REAR VISIBILITY','S1'),(1,6,'ROOM MIRROR－AUTO DIMMING','w'),(1,6,'ROOM MIRROR－SMART REAR VIEW MIRROR','w/o'),(1,6,'RR BMPR-type','-'),(1,6,'RR BRAKE UNIT','-'),(1,6,'RR CAMERA','w'),(1,6,'RR FOG LAMP','-'),(1,6,'Rr Heater Seat','w'),(1,6,'RR POWER SLIDE  DOOR ','-'),(1,6,'RR SEAT HEATER','w'),(1,6,'RR SEAT HEATER AND COOLER','w/o'),(1,6,'RR SIDE RADAR','-'),(1,6,'RR SONAR','-'),(1,6,'RR SPOILER','-'),(1,6,'RR SUSP形式違い','-'),(1,6,'Rr 空調シート(Heater ＋ Cooler Seat)','w/o'),(1,6,'RVI CRUISE CONTROL','-'),(1,6,'SAFETY ACCESS FUNCTIONS','S'),(1,6,'Safety Driving','AD1e+Navilink'),(1,6,'SCENE RECORDER','S'),(1,6,'Seat adjustment','メモリーあり'),(1,6,'SEAT BELT NOT SECURED WAR','-'),(1,6,'SEAT BELT REMINDER','S'),(1,6,'SEAT HEATER','w'),(1,6,'SEAT HEATER AND COOLER','-'),(1,6,'SEAT HEATING','S2'),(1,6,'SEAT LINING','SYNTHETIC LEATHER C'),(1,6,'SEAT LINING.','SYNTHETIC LEATHER C'),(1,6,'SEAT TYPE','自動'),(1,6,'SETTINGS OF COMBI METER','S1'),(1,6,'SHARK FIN ANTENNA','w'),(1,6,'SIDE AIRBAG','S'),(1,6,'SIDE CURTAIN AIRBAG','S'),(1,6,'SIDE LIGHTS','-'),(1,6,'SIDE MARKER LAMP','-'),(1,6,'SIDE TURN SIGNAL','w'),(1,6,'Side visor','-'),(1,6,'SIZE OF COMBI METER SCREEN','14.3\" DISPLAY'),(1,6,'SMART REAR VIEW MIRROR','w/o'),(1,6,'SOCKET ACCESSORY','w'),(1,6,'SONER','-'),(1,6,'sound bubble','S'),(1,6,'SP1','-'),(1,6,'SP2','-'),(1,6,'SPARE WHEEL','w/o'),(1,6,'SPEAKER','S2'),(1,6,'SPEED CUT','-'),(1,6,'SPEED LIMITER','-'),(1,6,'SPEED METER UNIT','FULL TFT'),(1,6,'Speed sensing lock','w'),(1,6,'SRVM','w/o'),(1,6,'Start Engine  type','I-key'),(1,6,'STATIONARY HEATER','-'),(1,6,'STEERING','S1'),(1,6,'STEERING SWITCH','S1'),(1,6,'STEERING SWITCHES','S1'),(1,6,'STEERING WHEEL','S1'),(1,6,'STEERING WHEEL ADJUSTMENT','S2'),(1,6,'STEERING WHEEL HEATER','w'),(1,6,'STRG Heater','w'),(1,6,'SUN VISOR LED LIGHT','S'),(1,6,'SUNROOF','w/o'),(1,6,'Sunroof visor','-'),(1,6,'Sunshade','basic'),(1,6,'SUSPENSION CONTROL','B'),(1,6,'SUSPENSION CONTROL VARIABLE DAMPING','B'),(1,6,'SUSPENSION TYPE','B'),(1,6,'TAILGATE/TRUNK OPENING\nPOWER OPEN/CLOSE','w'),(1,6,'TAILGATE/TRUNK OPENING','S2'),(1,6,'TAILGATE/TRUNK OPENING POWER OPEN/CLOSE','w'),(1,6,'TAILGATE/TRUNK OPENING POWER OPEN/CLOSE ✚ HANDS FREE','w'),(1,6,'TELEMATIC','-'),(1,6,'TELEMATIC DOORS LOCK','-'),(1,6,'TELEMATIC SYSTEM HYPOTHES','-'),(1,6,'TELEMATICS\n(EMERGENCY CALL SW)','-'),(1,6,'TIRE','255 ✚ 40 ✚ R21'),(1,6,'TIRE PRESSURE MONITOR','S'),(1,6,'TIRE PRESSURE MONITORING SYSTEM (TPMS)','S'),(1,6,'TIRE SIZE','255 ✚ 40 ✚ R21'),(1,6,'TIRE TYPE','-'),(1,6,'Touch Sensor  (I-key)','w'),(1,6,'TOWING CAPACITY','-'),(1,6,'TRACTION CONTROL SYSTEM','-'),(1,6,'TRAFFIC SIGN RECOGNITION','S'),(1,6,'TRAFFIC SIGN RECOGNITION (TSR)','w'),(1,6,'TRAFFIC SIGN RECOGNITION / SPEED LIMITATION INFORMATION','-'),(1,6,'TRUNK','-'),(1,6,'TSA','-'),(1,6,'TURN SIGNAL','S'),(1,6,'TURN SIGNAL LAMP','w'),(1,6,'TYPE OF COMBI METER','FULL TFT'),(1,6,'TYPE OF CONTROL','-'),(1,6,'TYPE OF DOOR-OPENER REMOT','-'),(1,6,'TYPE OF DRIVER SEAT ADJUS','S2'),(1,6,'TYPE OF HEAD UNIT HARDWARE & CCS SF','S'),(1,6,'TYPE OF PARK BRAKE','EPKB'),(1,6,'TYPE OF TIRES FR','255 ✚ 40 ✚ R21'),(1,6,'TYPE OF TIRES RR','255 ✚ 40 ✚ R21'),(1,6,'TYPES OF RADIOS','GAS NAVI'),(1,6,'UNIVERSAL GARAGE DOOR OPE','w'),(1,6,'UNIVERSAL GARAGE DOOR OPENER','w'),(1,6,'USB AND POWER SUPPLY','-'),(1,6,'USB AND POWER SUPPLY 2ND ROW','S'),(1,6,'USB AND POWER SUPPLY 3RD ROW','-'),(1,6,'USB AND POWER SUPPLY FR','S1'),(1,6,'USB AND POWER SUPPLY LUGGAGE','-'),(1,6,'VDC','S'),(1,6,'VDC(ﾋﾞｰｸﾙ ﾀﾞｲﾅﾐｸｽ ｺﾝﾄﾛｰﾙ)','w'),(1,6,'VEHICLE DYNAMICS CONTROL','-'),(1,6,'VEHICLE TO LOAD (V2L) OUTSIDE','w'),(1,6,'Ventilated(Heater&Cooler) Seat','w'),(1,6,'VIDEO SCREENS','-'),(1,6,'VOICE VEHICLE CONTROL','S2'),(1,6,'VR','w'),(1,6,'WELCOME & GOODBYE SEQUENCE','-'),(1,6,'Wheel Cover','-'),(1,6,'WHEEL COVERS-size','-'),(1,6,'WHEEL TYPE,SIZE','D'),(1,6,'Wheelサイズ','D'),(1,6,'Wheel材質','AL Wheel'),(1,6,'WINDOWS COLOUR','-'),(1,6,'WINDSCREEN','-'),(1,6,'WINDSCREEN HEATER','-'),(1,6,'WINDSCREEN WIPERS\nフロントワイパー','S2'),(1,6,'WINDSCREEN WIPERS','S2'),(1,6,'WIPER DEICER','-'),(1,6,'WIRELESS PHONE CHARGE','w'),(1,6,'WITH TIMER CHARGER','-'),(1,6,'ZONES OF AMBIENT LIGHTING','S2'),(1,6,'アンダーカバー','-'),(1,6,'ウィンドシールド取付構造','A'),(1,6,'ウィンドシールド形状','A'),(1,6,'ウインチ','-'),(1,6,'エアバッグシステム','A'),(1,6,'エネルギー\n吸収材仕様','A'),(1,6,'エンジンフード形状','A'),(1,6,'オットマン','-'),(1,6,'キャニスタ ORVR 追加','-'),(1,6,'ギアシフト','Shift by wire'),(1,6,'グリルシャッター','-'),(1,6,'コラムEPS','-'),(1,6,'コーナリングランプ','-'),(1,6,'サスペンション','B'),(1,6,'サンルーフ','w/o'),(1,6,'シル構造','A'),(1,6,'シートベルトアンカ位置','A'),(1,6,'シート材質','Leather'),(1,6,'シート機構','-'),(1,6,'スポーツシート','-'),(1,6,'スライドシート','w'),(1,6,'センターピラー構造','A'),(1,6,'トーイング','-'),(1,6,'バッテリクーラ','-'),(1,6,'バッテリヒータ','-'),(1,6,'バッテリー','-'),(1,6,'バンパ仕様','A'),(1,6,'フィラーチューブ','ー'),(1,6,'フューエルタンクの取り付け方式','ー'),(1,6,'フューエルタンクの材質','ー'),(1,6,'フューエルタンク形状','ー'),(1,6,'フューエルタンク搭載位置','ー'),(1,6,'フロントサイドマーカ','-'),(1,6,'フロントサイドメンバ構造','A'),(1,6,'フロントピラー構造','A'),(1,6,'フロントフェンダ外形','A'),(1,6,'フードヒンジ構造','A'),(1,6,'プロパイロット','w'),(1,6,'プロパイロットパーク','w/o'),(1,6,'ヘッドランプウオッシャー\n（HLC)','-'),(1,6,'ヘッドランプ外形','A'),(1,6,'マニュアルトランスミッション','-'),(1,6,'リアアンダーミラー','-'),(1,6,'リアカメラウオッシャー','-'),(1,6,'リア・サイド・メンバー / リア・サイド・フレームの形状','A'),(1,6,'リヤサイドマーカー','-'),(1,6,'ルーフサイド構造','A'),(1,6,'ワイパーデアイサー','-'),(1,6,'ワイパ外形','A'),(1,6,'三相(AC3)','-'),(1,6,'乗員H.P.','A'),(1,6,'内装違い','-'),(1,6,'冷却仕様','-'),(1,6,'前席ELR仕様','-'),(1,6,'助手席SEN仕様','-'),(1,6,'単相(AC1)','AC1'),(1,6,'外装イルミランプ','Coutesy lamp'),(1,6,'外装違い\nナロー/ワイド、2/3ROW','-'),(1,6,'姿勢違い','-'),(1,6,'強電BAT MD/Cell違い','-'),(1,6,'強電BAT 容量違い','-'),(1,6,'後席ODS仕様','-'),(1,6,'後席シートスライド','-'),(1,6,'後席シートリクライニング','-'),(1,6,'後席プリテン装備','w'),(1,6,'後輪懸架装置','A'),(1,6,'油圧PS(パワステ)','w/o'),(1,6,'燃料供給方式','ー'),(1,6,'燃料系部品取り付け構造','ー'),(1,6,'燃料配管','ー'),(1,6,'直前直左鏡','-'),(1,6,'空調シート','w'),(1,6,'足元ランプ（ミラー付け）','-'),(1,6,'跳ね上げフード','-'),(1,6,'車体色','-'),(1,6,'通常のグリップ型アウトサイドハンドル、マニュアルヒドゥンハンドル','-'),(1,6,'金属製フットレスト','STANDARD'),(1,6,'電動格納式フラッシュアウトサイドハンドル付','w'),(1,6,'電装OPT','-'),(1,6,'ＳＴＲＧ固定式パドル','w');
/*!40000 ALTER TABLE `status_config_device_detail` ENABLE KEYS */;
UNLOCK TABLES;

--
-- Table structure for table `status_lot`
--

DROP TABLE IF EXISTS `status_lot`;
/*!40101 SET @saved_cs_client     = @@character_set_client */;
/*!50503 SET character_set_client = utf8mb4 */;
CREATE TABLE `status_lot` (
  `project_id` int(11) NOT NULL,
  `config_id` int(11) NOT NULL,
  `lot_id` int(11) NOT NULL,
  `status_lot_optioncode` varchar(11) DEFAULT NULL,
  PRIMARY KEY (`project_id`,`config_id`,`lot_id`),
  KEY `fk_Status_lot_config1_idx` (`config_id`),
  KEY `fk_Status_lot_lot1_idx` (`lot_id`),
  CONSTRAINT `fk_Status_lot_config1` FOREIGN KEY (`config_id`) REFERENCES `config` (`config_id`),
  CONSTRAINT `fk_Status_lot_lot1` FOREIGN KEY (`lot_id`) REFERENCES `lot` (`lot_id`),
  CONSTRAINT `fk_Status_lot_project1` FOREIGN KEY (`project_id`) REFERENCES `project` (`project_id`)
) ENGINE=InnoDB DEFAULT CHARSET=utf8;
/*!40101 SET character_set_client = @saved_cs_client */;

--
-- Dumping data for table `status_lot`
--

LOCK TABLES `status_lot` WRITE;
/*!40000 ALTER TABLE `status_lot` DISABLE KEYS */;
INSERT INTO `status_lot` VALUES (1,1,1,'〇'),(1,1,2,'〇'),(1,1,3,'〇'),(1,2,1,'〇'),(1,2,2,'〇'),(1,2,3,'〇'),(1,3,1,'〇'),(1,3,2,'〇'),(1,3,3,'〇'),(1,4,1,''),(1,4,2,''),(1,4,3,''),(1,5,1,NULL),(1,5,2,NULL),(1,5,3,NULL),(1,6,1,NULL),(1,6,2,NULL),(1,6,3,NULL);
/*!40000 ALTER TABLE `status_lot` ENABLE KEYS */;
UNLOCK TABLES;

--
-- Table structure for table `value_inf`
--

DROP TABLE IF EXISTS `value_inf`;
/*!40101 SET @saved_cs_client     = @@character_set_client */;
/*!50503 SET character_set_client = utf8mb4 */;
CREATE TABLE `value_inf` (
  `parameter_name` varchar(45) NOT NULL,
  `project_id` int(11) NOT NULL,
  `config_id` int(11) NOT NULL,
  `value` varchar(45) DEFAULT NULL,
  PRIMARY KEY (`parameter_name`,`project_id`,`config_id`),
  KEY `fk_Valua_inf_project1_idx` (`project_id`),
  KEY `fk_Valua_inf_config1_idx` (`config_id`),
  CONSTRAINT `fk_Valua_inf_config1` FOREIGN KEY (`config_id`) REFERENCES `config` (`config_id`),
  CONSTRAINT `fk_Valua_inf_information_project` FOREIGN KEY (`parameter_name`) REFERENCES `information_project` (`parameter_name`)
) ENGINE=InnoDB DEFAULT CHARSET=utf8;
/*!40101 SET character_set_client = @saved_cs_client */;

--
-- Dumping data for table `value_inf`
--

LOCK TABLES `value_inf` WRITE;
/*!40000 ALTER TABLE `value_inf` DISABLE KEYS */;
INSERT INTO `value_inf` VALUES ('AXLE',1,1,'2WD'),('AXLE',1,2,'AWD'),('AXLE',1,3,'AWD'),('AXLE',1,4,'2WD'),('AXLE',1,5,'AWD'),('AXLE',1,6,'AWD'),('BODY',1,1,'SUV'),('BODY',1,2,'SUV'),('BODY',1,3,'SUV'),('BODY',1,4,'SUV'),('BODY',1,5,'SUV'),('BODY',1,6,'SUV'),('CCM',1,1,'-'),('CCM',1,2,'w'),('CCM',1,3,'-'),('CCM',1,4,'-'),('CCM',1,5,'-'),('CCM',1,6,'-'),('ENGINE',1,1,'7DQ'),('ENGINE',1,2,'7DQ'),('ENGINE',1,3,'7DQ'),('ENGINE',1,4,'7DQ'),('ENGINE',1,5,'7DQ'),('ENGINE',1,6,'7DQ'),('GRADE',1,1,'L1'),('GRADE',1,2,'L2'),('GRADE',1,3,'L3'),('GRADE',1,4,'L1'),('GRADE',1,5,'L2'),('GRADE',1,6,'L3'),('HANDLE',1,1,'LHD'),('HANDLE',1,2,'LHD'),('HANDLE',1,3,'LHD'),('HANDLE',1,4,'LHD'),('HANDLE',1,5,'LHD'),('HANDLE',1,6,'LHD'),('INTAKE',1,1,'BATTERY (MIDDLE)'),('INTAKE',1,2,'BATTERY (MIDDLE)'),('INTAKE',1,3,'BATTERY (MIDDLE)'),('INTAKE',1,4,'BATTERY (MIDDLE)'),('INTAKE',1,5,'BATTERY (MIDDLE)'),('INTAKE',1,6,'BATTERY (MIDDLE)'),('NUMBER',1,1,'5'),('NUMBER',1,2,'27'),('NUMBER',1,3,'38'),('NUMBER',1,4,'45'),('NUMBER',1,5,'67'),('NUMBER',1,6,'78'),('SEAT',1,1,'5'),('SEAT',1,2,'5'),('SEAT',1,3,'5'),('SEAT',1,4,'5'),('SEAT',1,5,'5'),('SEAT',1,6,'5'),('TRANS',1,1,'ATM (for EV)'),('TRANS',1,2,'ATM (for EV)'),('TRANS',1,3,'ATM (for EV)'),('TRANS',1,4,'ATM (for EV)'),('TRANS',1,5,'ATM (for EV)'),('TRANS',1,6,'ATM (for EV)'),('YEAR',1,1,'MY00'),('YEAR',1,2,'MY00'),('YEAR',1,3,'MY00'),('YEAR',1,4,'MY00'),('YEAR',1,5,'MY00'),('YEAR',1,6,'MY00'),('ZONE',1,1,'USA'),('ZONE',1,2,'USA'),('ZONE',1,3,'USA'),('ZONE',1,4,'CAN'),('ZONE',1,5,'CAN'),('ZONE',1,6,'CAN');
/*!40000 ALTER TABLE `value_inf` ENABLE KEYS */;
UNLOCK TABLES;
/*!40103 SET TIME_ZONE=@OLD_TIME_ZONE */;

/*!40101 SET SQL_MODE=@OLD_SQL_MODE */;
/*!40014 SET FOREIGN_KEY_CHECKS=@OLD_FOREIGN_KEY_CHECKS */;
/*!40014 SET UNIQUE_CHECKS=@OLD_UNIQUE_CHECKS */;
/*!40101 SET CHARACTER_SET_CLIENT=@OLD_CHARACTER_SET_CLIENT */;
/*!40101 SET CHARACTER_SET_RESULTS=@OLD_CHARACTER_SET_RESULTS */;
/*!40101 SET COLLATION_CONNECTION=@OLD_COLLATION_CONNECTION */;
/*!40111 SET SQL_NOTES=@OLD_SQL_NOTES */;

-- Dump completed on 2024-05-22 14:17:03
